Brand Name,Model Name,Network,Year Announced,Status,Dimensions,Weight,Build,SIM,Body Other Informations,Display Type,Dispaly Size,Display Resolution,Display Protection,Other Display Info,OS,Chipset,CPU,GPU,Card Slot,Internal Memory,Main Camera Module,Main Camera Feature,Main Camera Video,Selfi Camera Module,Selfi Camera Feature,Selfi Camera Video,Loudspeaker,Audio Jack,WLAN,Bluetooth,GPS,NFC,Radio,USB,Sensors,Other Features,Battery Type,Battery Stand By,Battery Charging,Colors,Models,Price_INR,Main Image,Image 1,Image 2,Image 3,Image 4,Image 5,Product URL
Apple,Apple iPhone 18 Pro,GSM / HSPA / LTE / 5G,"2026, September 9","Available. Released 2026, September 18",,,,,,"LTPO Super Retina XDR OLED, 120Hz",6.3 inches,,,,iOS 27,Apple A20 Pro (2 nm),,,,256GB / 512GB / 1TB / 2TB,48 MP + 48 MP + 48 MP,,,12 MP,,,,,,,,,,,,,4288 mAh,,60W wired (reported),,,"?164,900",,,,,,,
Apple,Apple iPhone 18 Pro Max,GSM / HSPA / LTE / 5G,"2026, September 9","Available. Released 2026, September 18",,,,,,"LTPO Super Retina XDR OLED, 120Hz",6.9 inches,,,,iOS 27,Apple A20 Pro (2 nm),,,,256GB / 512GB / 1TB / 2TB,48 MP + 48 MP + 48 MP,,,12 MP,,,,,,,,,,,,,5567 mAh,,60W wired (reported),,,"?179,900",,,,,,,
Apple,Apple iPhone 17,GSM / HSPA / LTE / 5G,"2025, September 09","Available. Released 2025, September 20",,,,,,"Super Retina XDR OLED, 120Hz ProMotion",6.3 inches,1179 x 2556 pixels,,,iOS 19,Apple A19 (3 nm),,,,128GB / 256GB / 512GB,48 MP + 12 MP,,,24 MP,,,,,,,,,,,,,3600 mAh,,"25W wired, 15W MagSafe",,,"₹79,900",,,,,,,
Apple,Apple iPhone 17 Pro,GSM / HSPA / LTE / 5G,"2025, September 09","Available. Released 2025, September 20",,,,,,"LTPO Super Retina XDR OLED, 120Hz",6.3 inches,1206 x 2622 pixels,,,iOS 19,Apple A19 Pro (3 nm),,,,128GB / 256GB / 512GB / 1TB,48 MP + 48 MP + 48 MP,,,24 MP,,,,,,,,,,,,,3582 mAh,,"30W wired, 25W MagSafe",,,"₹1,34,900",,,,,,,
Apple,Apple iPhone 17 Slim / Air,GSM / HSPA / LTE / 5G,"2025, September 09","Available. Released 2025, September 20",,,,,,"Super Retina XDR OLED, 120Hz",6.6 inches,1260 x 2740 pixels,,,iOS 19,Apple A19 (3 nm),,,,256GB / 512GB,48 MP,,,24 MP,,,,,,,,,,,,,3150 mAh,,"25W wired, 15W MagSafe",,,"₹89,900",,,,,,,
Google,Google Pixel 9a,GSM / HSPA / LTE / 5G,"2025, May 13","Available. Released 2025, May 20",,,,,,"Actua OLED, 120Hz",6.3 inches,1080 x 2424 pixels,,,Android 15,Google Tensor G4 (4 nm),,,,128GB / 256GB 8GB RAM,48 MP + 13 MP,,,13 MP,,,,,,,,,,,,,5000 mAh,,"27W wired, 7.5W wireless",,,"₹49,999",,,,,,,
Motorola,Motorola Moto G86 5G,GSM / HSPA / LTE / 5G,"2025, June 10","Available. Released 2025, June 17",,,,,,"P-OLED, 120Hz",6.55 inches,1080 x 2400 pixels,,,Android 15,Qualcomm Snapdragon 6 Gen 3,,,,128GB / 256GB 8GB RAM,50 MP + 8 MP,,,16 MP,,,,,,,,,,,,,5000 mAh,,33W wired,,,"₹17,999",,,,,,,
Motorola,Motorola Edge 60 Fusion,GSM / HSPA / LTE / 5G,"2025, May 15","Available. Released 2025, May 22",,,,,,"P-OLED, 144Hz",6.7 inches,1080 x 2400 pixels,,,"Android 15, Hello UI",Qualcomm Snapdragon 7s Gen 2 / 7 Gen 3,,,,128GB / 256GB 8GB/12GB RAM,50 MP + 13 MP,,,32 MP,,,,,,,,,,,,,5000 mAh,,68W wired,,,"₹22,999",,,,,,,
Motorola,Motorola Edge 60 Pro,GSM / HSPA / LTE / 5G,"2025, April 16","Available. Released 2025, April 24",,,,,,"P-OLED, 144Hz, HDR10+",6.7 inches,1220 x 2712 pixels,,,"Android 15, Hello UI",Qualcomm Snapdragon 8s Gen 3,,,,256GB / 512GB 12GB RAM,50 MP + 50 MP + 64 MP,,,50 MP,,,,,,,,,,,,,5200 mAh,,"125W wired, 50W wireless",,,"₹39,999",,,,,,,
Nothing,Nothing Phone (3),GSM / HSPA / LTE / 5G,"2025, July 15","Available. Released 2025, July 25",,,,,,"Flexible LTPO AMOLED, 120Hz",6.7 inches,1080 x 2412 pixels,,,"Android 15, Nothing OS 3.0",Qualcomm Snapdragon 8s Gen 3,,,,128GB / 256GB / 512GB,50 MP + 50 MP,,,32 MP,,,,,,,,,,,,,5000 mAh,,"65W wired, 15W wireless",,,"₹44,999",,,,,,,
Nothing,Nothing Phone (3a),GSM / HSPA / LTE / 5G,"2025, March 04","Available. Released 2025, March 12",,,,,,"AMOLED, 120Hz",6.7 inches,1080 x 2412 pixels,,,"Android 15, Nothing OS 3.0",MediaTek Dimensity 7300 Pro,,,,128GB / 256GB 8GB/12GB RAM,50 MP + 50 MP,,,32 MP,,,,,,,,,,,,,5000 mAh,,50W wired,,,"₹24,999",,,,,,,
OnePlus,OnePlus 14 5G,GSM / HSPA / LTE / 5G,"2026, January 15","Available. Released 2026, January 28",,,,,,"LTPO5 AMOLED, 120Hz",6.82 inches,1440 x 3168 pixels,,,"Android 16, OxygenOS 16",Qualcomm Snapdragon 8 Gen 5 (2 nm),,,,256GB / 512GB 12GB/16GB RAM,50 MP + 50 MP + 50 MP Hasselblad,,,32 MP,,,,,,,,,,,,,6500 mAh,,"120W wired, 50W wireless",,,"₹74,999",,,,,,,
OnePlus,OnePlus Nord 5 5G,GSM / HSPA / LTE / 5G,"2025, June 18","Available. Released 2025, June 25",,,,,,"Fluid AMOLED, 120Hz",6.74 inches,1240 x 2772 pixels,,,"Android 15, OxygenOS 15",Qualcomm Snapdragon 7+ Gen 3,,,,128GB / 256GB / 512GB 8GB/12GB RAM,50 MP + 8 MP,,,16 MP,,,,,,,,,,,,,5500 mAh,,100W wired,,,"₹32,999",,,,,,,
OnePlus,OnePlus 13 5G,GSM / HSPA / LTE / 5G,"2025, January 07","Available. Released 2025, January 23",,,,,,"LTPO4 AMOLED, 120Hz, Dolby Vision",6.82 inches,1440 x 3168 pixels,,,"Android 15, OxygenOS 15",Qualcomm Snapdragon 8 Elite (3 nm),,,,"256GB / 512GB, 12GB/16GB RAM",50 MP + 50 MP + 50 MP,,,32 MP,,,,,,,,,,,,,6000 mAh,,"100W wired, 50W wireless",,,"₹69,999",,,,,,,
OnePlus,OnePlus 13R 5G,GSM / HSPA / LTE / 5G,"2025, January 07","Available. Released 2025, January 23",,,,,,"AMOLED, 120Hz, HDR10+",6.78 inches,1264 x 2780 pixels,,,"Android 15, OxygenOS 15",Qualcomm Snapdragon 8 Gen 3 (4 nm),,,,256GB / 512GB 12GB/16GB RAM,50 MP + 50 MP + 8 MP,,,16 MP,,,,,,,,,,,,,6000 mAh,,100W wired,,,"₹42,999",,,,,,,
POCO,POCO X8 5G,GSM / HSPA / LTE / 5G,"2026, September 4","Available. Released 2026, September 11",,,,,,"AMOLED, 120Hz",6.83 inches,1.5K,,,Android,Qualcomm Snapdragon 6s Gen 4,,,,"8GB RAM, 128GB storage",50 MP + 2 MP,,,,,,,,,,,,,9000 mAh,,67W,,,"?29,999",,,,,,,,,,
POCO,POCO X8 Power 5G,GSM / HSPA / LTE / 5G,"2026, September 4","Available. Released 2026, September 11",,,,,,"AMOLED, 120Hz",6.83 inches,1.5K,,,Android,Qualcomm Snapdragon 6 Gen 5,,,,"8GB RAM, 128GB / 256GB storage",50 MP + 8 MP,,,,,,,,,,,,,10000 mAh,,100W,,,"?35,999",,,,,,,,,,
POCO,POCO F7 Pro 5G,GSM / HSPA / LTE / 5G,"2025, May 22","Available. Released 2025, May 29",,,,,,"AMOLED, 120Hz, Dolby Vision",6.67 inches,1440 x 3200 pixels,,,"Android 15, HyperOS",Qualcomm Snapdragon 8 Gen 3 (4 nm),,,,256GB / 512GB 12GB RAM,50 MP + 8 MP + 2 MP,,,16 MP,,,,,,,,,,,,,5000 mAh,,120W wired,,,"₹39,999",,,,,,,
POCO,POCO F7 Ultra 5G,GSM / HSPA / LTE / 5G,"2025, May 22","Available. Released 2025, May 29",,,,,,"LTPO AMOLED, 120Hz",6.67 inches,1440 x 3200 pixels,,,"Android 15, HyperOS",Qualcomm Snapdragon 8 Elite (3 nm),,,,256GB / 512GB 12GB/16GB RAM,50 MP + 50 MP + 32 MP,,,20 MP,,,,,,,,,,,,,5300 mAh,,"120W wired, 50W wireless",,,"₹49,999",,,,,,,
POCO,POCO X7 Pro 5G,GSM / HSPA / LTE / 5G,"2025, January 11","Available. Released 2025, January 18",,,,,,"AMOLED, 120Hz, Dolby Vision",6.67 inches,1220 x 2712 pixels,,,"Android 15, HyperOS 2",MediaTek Dimensity 8400 Ultra,,,,256GB / 512GB 8GB/12GB RAM,50 MP + 8 MP,,,20 MP,,,,,,,,,,,,,6000 mAh,,90W wired,,,"₹26,999",,,,,,,
Samsung,Samsung Galaxy S26 FE,GSM / HSPA / LTE / 5G,"2026, September 14","Available. Released 2026, September 18",,,,,,"AMOLED, 120Hz",6.7 inches,FHD+,,,"Android 17, One UI 9",Exynos 2500,,,,"8GB RAM, 256GB storage",50 MP + 12 MP + 8 MP (3x telephoto),,,12 MP,,,,,,,,,,,,,4900 mAh,,"45W wired, 15W wireless",,,"?79,999",,,,,,,
Samsung,Samsung Galaxy S26 Ultra 5G,GSM / HSPA / LTE / 5G,"2026, January 21","Available. Released 2026, February 06",,,,,,"Dynamic LTPO AMOLED 2X, 120Hz",6.9 inches,1440 x 3120 pixels,,,"Android 16, One UI 8",Qualcomm Snapdragon 8 Gen 5 (2 nm),,,,256GB / 512GB / 1TB 12GB/16GB RAM,200 MP + 50 MP + 50 MP + 50 MP,,,12 MP,,,,,,,,,,,,,5550 mAh,,"65W wired, 25W wireless",,,"₹1,39,999",,,,,,,
Samsung,Samsung Galaxy A36 5G,GSM / HSPA / LTE / 5G,"2025, March 11","Available. Released 2025, March 18",,,,,,"Super AMOLED, 120Hz",6.6 inches,1080 x 2340 pixels,,,"Android 15, One UI 7",Qualcomm Snapdragon 6 Gen 3,,,,128GB / 256GB 6GB/8GB RAM,50 MP + 8 MP + 5 MP,,,13 MP,,,,,,,,,,,,,5000 mAh,,25W wired,,,"₹29,999",,,,,,,
Samsung,Samsung Galaxy A56 5G,GSM / HSPA / LTE / 5G,"2025, March 11","Available. Released 2025, March 18",,,,,,"Super AMOLED, 120Hz",6.6 inches,1080 x 2340 pixels,,,"Android 15, One UI 7",Exynos 1580 (4 nm),,,,128GB / 256GB 8GB/12GB RAM,50 MP + 12 MP + 5 MP,,,32 MP,,,,,,,,,,,,,5000 mAh,,45W wired,,,"₹38,999",,,,,,,
Samsung,Samsung Galaxy S25 5G,GSM / HSPA / LTE / 5G,"2025, January 22","Available. Released 2025, February 07",,,,,,"Dynamic LTPO AMOLED 2X, 120Hz",6.2 inches,1080 x 2340 pixels,,,"Android 15, One UI 7",Qualcomm Snapdragon 8 Elite (3 nm),,,,128GB / 256GB / 512GB 12GB RAM,50 MP + 10 MP + 12 MP,,,12 MP,,,,,,,,,,,,,4000 mAh,,"25W wired, 15W wireless",,,"₹79,999",,,,,,,
Samsung,Samsung Galaxy S25 Ultra,GSM / HSPA / LTE / 5G,"2025, January 22","Available. Released 2025, February 07",,,,,,"Dynamic LTPO AMOLED 2X, 120Hz",6.8 inches,1440 x 3120 pixels,,,"Android 15, One UI 7",Qualcomm Snapdragon 8 Elite (3 nm),,,,256GB / 512GB / 1TB 12GB RAM,200 MP + 50 MP + 50 MP + 10 MP,,,12 MP,,,,,,,,,,,,,5000 mAh,,"45W wired, 15W wireless",,,"₹1,29,999",,,,,,,
Samsung,Samsung Galaxy S25+ 5G,GSM / HSPA / LTE / 5G,"2025, January 22","Available. Released 2025, February 07",,,,,,"Dynamic LTPO AMOLED 2X, 120Hz",6.7 inches,1440 x 3120 pixels,,,"Android 15, One UI 7",Qualcomm Snapdragon 8 Elite (3 nm),,,,256GB / 512GB 12GB RAM,50 MP + 10 MP + 12 MP,,,12 MP,,,,,,,,,,,,,4900 mAh,,"45W wired, 15W wireless",,,"₹99,999",,,,,,,
Xiaomi,Redmi Note 17 Pro 5G,GSM / HSPA / LTE / 5G,"2026, September 15","Available. Released 2026, September 17",,,,,,"AMOLED, 120Hz",6.83 inches,1.5K,,,Android,Qualcomm Snapdragon 6s Gen 4,,,,"8GB RAM, 128GB / 256GB storage",50 MP + 8 MP,,,,,,,,,,,,,9000 mAh,,67W,,,"?36,999",,,,,,,,,,
Xiaomi,Redmi Note 17 Pro Max 5G,GSM / HSPA / LTE / 5G,"2026, September 15","Available. Released 2026, September 23",,,,,,"AMOLED, 120Hz",6.83 inches,1.5K,,,Android,Qualcomm Snapdragon 6 Gen 5,,,,"8GB/256GB, 12GB/256GB",50 MP + 8 MP,,,,,,,,,,,,,10000 mAh,,100W,,,"?49,999",,,,,,,,,,
Xiaomi,Redmi 17 5G,GSM / HSPA / LTE / 5G,"2026, September 3","Available. Released 2026, September 10",,,,,,"LCD, 120Hz",6.9 inches,HD+,,,Android,Qualcomm Snapdragon 4 Gen 5,,,,"6GB/128GB, 8GB/128GB",,,,,,,,,,,,,7900 mAh,,45W,,,"?23,999",,,,,,,,,,,
Xiaomi,Xiaomi 15 5G,GSM / HSPA / LTE / 5G,"2025, March 02","Available. Released 2025, March 11",,,,,,"LTPO OLED, 120Hz, Dolby Vision",6.36 inches,1200 x 2670 pixels,,,"Android 15, HyperOS 2",Qualcomm Snapdragon 8 Elite (3 nm),,,,256GB / 512GB 12GB RAM,50 MP + 50 MP + 50 MP Leica,,,32 MP,,,,,,,,,,,,,5400 mAh,,"90W wired, 50W wireless",,,"₹64,999",,,,,,,
Xiaomi,Xiaomi 15 Pro 5G,GSM / HSPA / LTE / 5G,"2025, March 02","Available. Released 2025, March 15",,,,,,"LTPO OLED, 120Hz, Dolby Vision",6.73 inches,1440 x 3200 pixels,,,"Android 15, HyperOS 2",Qualcomm Snapdragon 8 Elite (3 nm),,,,256GB / 512GB / 1TB 12GB/16GB RAM,50 MP + 50 MP + 50 MP Leica,,,32 MP,,,,,,,,,,,,,6100 mAh,,"90W wired, 50W wireless",,,"₹79,999",,,,,,,
Xiaomi,Redmi Note 14 Pro 5G,GSM / HSPA / LTE / 5G,"2024, December 09","Available. Released 2024, December 16",,,,,,"AMOLED, 120Hz, Dolby Vision",6.67 inches,1220 x 2712 pixels,,,"Android 14, HyperOS",MediaTek Dimensity 7300 Ultra (4 nm),,,,128GB / 256GB / 512GB 8GB/12GB RAM,50 MP + 8 MP + 2 MP,,,20 MP,,,,,,,,,,,,,5500 mAh,,45W wired,,,"₹24,999",,,,,,,
Xiaomi,Redmi Note 14 Pro+ 5G,GSM / HSPA / LTE / 5G,"2024, December 09","Available. Released 2024, December 16",,,,,,"AMOLED, 120Hz, Dolby Vision",6.67 inches,1220 x 2712 pixels,,,"Android 14, HyperOS",Qualcomm Snapdragon 7s Gen 3 (4 nm),,,,256GB / 512GB 8GB/12GB RAM,50 MP + 50 MP + 8 MP,,,20 MP,,,,,,,,,,,,,6200 mAh,,90W wired,,,"₹30,999",,,,,,,
iQOO,iQOO Z11xa 5G,GSM / HSPA / LTE / 5G,"2026, September 7","Available. Released 2026, September 14",,,,,,"LCD, 120Hz",6.76 inches,FHD+,,,"Android 16, OriginOS 6",MediaTek Dimensity 7400 Turbo,,,,"8GB RAM, 128GB storage",50 MP Sony camera,,,,,,,,,,,,,7200 mAh,,44W,,,"?28,999",,,,,,,,,,
iQOO,iQOO Z9 Turbo 5G,GSM / HSPA / LTE / 5G,"2025, April 24","Available. Released 2025, April 30",,,,,,"AMOLED, 144Hz",6.78 inches,1260 x 2800 pixels,,,"Android 15, Funtouch 15",Qualcomm Snapdragon 8s Gen 3,,,,256GB / 512GB 12GB/16GB RAM,50 MP + 8 MP,,,16 MP,,,,,,,,,,,,,6000 mAh,,80W wired,,,"₹26,999",,,,,,,
iQOO,iQOO Neo 10 Pro 5G,GSM / HSPA / LTE / 5G,"2025, February 04","Available. Released 2025, February 11",,,,,,"LTPO AMOLED, 144Hz",6.78 inches,1260 x 2800 pixels,,,"Android 15, Funtouch 15",Qualcomm Snapdragon 8 Gen 3 (4 nm),,,,256GB / 512GB 12GB/16GB RAM,50 MP + 50 MP,,,16 MP,,,,,,,,,,,,,6100 mAh,,120W wired,,,"₹39,999",,,,,,,
iQOO,iQOO 13 5G,GSM / HSPA / LTE / 5G,"2024, December 03","Available. Released 2024, December 10",,,,,,"LTPO AMOLED, 144Hz, HDR10+",6.82 inches,1440 x 3200 pixels,,,"Android 15, Funtouch 15",Qualcomm Snapdragon 8 Elite (3 nm),,,,"256GB / 512GB, 12GB/16GB RAM",50 MP + 50 MP + 50 MP,,,32 MP,,,,,,,,,,,,,6150 mAh,,120W wired,,,"₹54,999",,,,,,,
realme,realme 16 Pro Harry Potter Edition,GSM / HSPA / LTE / 5G,"2026, September 21",Launched. Limited edition,,,,,,AMOLED,,,,,Android,MediaTek Dimensity 7300 Max,,,,"12GB RAM, 256GB storage",200 MP,,,,,,,,,,,,,7000 mAh,,80W,,,"?62,999",,,,,,,,,,
realme,realme 14 Pro 5G,GSM / HSPA / LTE / 5G,"2025, January 16","Available. Released 2025, January 23",,,,,,"AMOLED, 120Hz",6.7 inches,1080 x 2412 pixels,,,"Android 15, Realme UI 6.0",MediaTek Dimensity 7300 Energy,,,,128GB / 256GB 8GB/12GB RAM,50 MP + 8 MP,,,32 MP,,,,,,,,,,,,,5200 mAh,,45W wired,,,"₹24,999",,,,,,,
realme,realme 14 Pro+ 5G,GSM / HSPA / LTE / 5G,"2025, January 16","Available. Released 2025, January 23",,,,,,"AMOLED, 120Hz",6.7 inches,1080 x 2412 pixels,,,"Android 15, Realme UI 6.0",Qualcomm Snapdragon 7s Gen 3,,,,128GB / 256GB / 512GB 8GB/12GB RAM,50 MP + 50 MP (periscope) + 8 MP,,,32 MP,,,,,,,,,,,,,5200 mAh,,80W wired,,,"₹29,999",,,,,,,
realme,realme GT 7 Pro 5G,GSM / HSPA / LTE / 5G,"2024, November 26","Available. Released 2024, November 26",,,,,,"Eco2 OLED Plus, 120Hz",6.78 inches,1264 x 2780 pixels,,,"Android 15, Realme UI 6.0",Qualcomm Snapdragon 8 Elite (3 nm),,,,256GB / 512GB 12GB/16GB RAM,50 MP + 50 MP + 8 MP,,,16 MP,,,,,,,,,,,,,5800 mAh,,120W wired,,,"₹59,999",,,,,,,
vivo,vivo T5 5G,GSM / HSPA / LTE / 5G,"2026, September 2","Available. Released 2026, September 9",,,,,,"3D curved AMOLED, 144Hz",6.83 inches,1.5K,,,"Android 16, OriginOS 6",MediaTek Dimensity 7500 Turbo,,,,"6GB/128GB, 8GB/128GB, 8GB/256GB, 12GB/256GB",50 MP Sony main camera with OIS,,,,,,,,,,,,,7050 mAh,,,,,"?34,999",,,,,,,,,,
vivo,vivo V50 Pro 5G,GSM / HSPA / LTE / 5G,"2026, February 10","Available. Released 2026, February 18",,,,,,"AMOLED, 120Hz, HDR10+",6.78 inches,1260 x 2800 pixels,,,"Android 16, Funtouch 16",MediaTek Dimensity 9300+ (4 nm),,,,256GB / 512GB 8GB/12GB RAM,50 MP + 50 MP + 50 MP Zeiss,,,50 MP,,,,,,,,,,,,,5700 mAh,,90W wired,,,"₹52,999",,,,,,,
vivo,vivo V40 Pro 5G,GSM / HSPA / LTE / 5G,"2025, August 07","Available. Released 2025, August 14",,,,,,"AMOLED, 120Hz, HDR10+",6.78 inches,1260 x 2800 pixels,,,"Android 14, Funtouch 14",MediaTek Dimensity 9200+ (4 nm),,,,256GB / 512GB 8GB/128GB RAM,50 MP + 50 MP + 50 MP Zeiss,,,50 MP,,,,,,,,,,,,,5500 mAh,,80W wired,,,"₹49,999",,,,,,,
vivo,vivo X200 Pro 5G,GSM / HSPA / LTE / 5G,"2024, December 12","Available. Released 2024, December 19",,,,,,"LTPO AMOLED, 120Hz, Dolby Vision",6.78 inches,1260 x 2800 pixels,,,"Android 15, Funtouch 15",MediaTek Dimensity 9400 (3 nm),,,,512GB 16GB RAM,50 MP + 200 MP + 50 MP Zeiss,,,32 MP,,,,,,,,,,,,,6000 mAh,,"90W wired, 30W wireless",,,"₹94,999",,,,,,,
Apple,Apple iPhone 16,GSM / HSPA / LTE / 5G,"2024, September 09","Available. Released 2024, September 20",,,,Nano-SIM + eSIM,,"Super Retina XDR OLED, 60Hz",6.1 inches,1179 x 2556 pixels,Ceramic Shield,"HDR10, Dolby Vision",iOS 18,Apple A18 (3 nm),Hexa-core,Apple GPU,No,128GB / 256GB / 512GB,48 MP + 12 MP,"Dual pixel PDAF, sensor-shift OIS",4K@60fps,12 MP,HDR,4K@60fps,Stereo speakers,No,Wi-Fi 7,Bluetooth 5.3,"GPS, GLONASS, GALILEO, BDS, QZSS",Yes,No,USB Type-C 2.0,"Face ID, accelerometer, gyro, proximity, compass, barometer",Apple Intelligence support,3561 mAh,,"25W wired, 15W MagSafe","Black, White, Pink, Teal, Ultramarine",A3287,"₹69,900",,,,,,,
Apple,Apple iPhone 16 Plus,GSM / HSPA / LTE / 5G,"2024, September 09","Available. Released 2024, September 20",,,,Nano-SIM + eSIM,,"Super Retina XDR OLED, 60Hz",6.7 inches,1290 x 2796 pixels,Ceramic Shield,"HDR10, Dolby Vision",iOS 18,Apple A18 (3 nm),Hexa-core,Apple GPU,No,128GB / 256GB / 512GB,48 MP + 12 MP,"Dual pixel PDAF, sensor-shift OIS",4K@60fps,12 MP,HDR,4K@60fps,Stereo speakers,No,Wi-Fi 7,Bluetooth 5.3,"GPS, GLONASS, GALILEO, BDS, QZSS",Yes,No,USB Type-C 2.0,"Face ID, accelerometer, gyro, proximity, compass, barometer",,4674 mAh,,"25W wired, 15W MagSafe","Black, White, Pink, Teal, Ultramarine",A3290,"₹79,900",,,,,,,
Apple,Apple iPhone 16 Pro,GSM / HSPA / LTE / 5G,"2024, September 09","Available. Released 2024, September 20",,,,Nano-SIM + eSIM,,"LTPO Super Retina XDR OLED, 120Hz",6.3 inches,1206 x 2622 pixels,Ceramic Shield,"Always-On display, HDR10, Dolby Vision",iOS 18,Apple A18 Pro (3 nm),Hexa-core,Apple GPU,No,128GB / 256GB / 512GB / 1TB,48 MP + 48 MP + 12 MP,"Sensor-shift OIS, 5x optical zoom",4K@120fps,12 MP,HDR,4K@60fps,Stereo speakers,No,Wi-Fi 7,Bluetooth 5.3,"GPS, GLONASS, GALILEO, BDS, QZSS",Yes,No,USB Type-C 3.2 Gen 2,"Face ID, accelerometer, gyro, proximity, compass, barometer",,3582 mAh,,"25W wired, 25W MagSafe","Black Titanium, White Titanium, Natural Titanium, Desert Titanium",A3293,"₹1,19,900",,,,,,,
Apple,Apple iPhone 16 Pro Max,GSM / HSPA / LTE / 5G,"2024, September 09","Available. Released 2024, September 20",,,,Nano-SIM + eSIM,,"LTPO Super Retina XDR OLED, 120Hz",6.9 inches,1320 x 2868 pixels,Ceramic Shield,"Always-On display, HDR10, Dolby Vision",iOS 18,Apple A18 Pro (3 nm),Hexa-core,Apple GPU,No,256GB / 512GB / 1TB,48 MP + 48 MP + 12 MP,"Sensor-shift OIS, 5x optical zoom",4K@120fps,12 MP,HDR,4K@60fps,Stereo speakers,No,Wi-Fi 7,Bluetooth 5.3,"GPS, GLONASS, GALILEO, BDS, QZSS",Yes,No,USB Type-C 3.2 Gen 2,"Face ID, accelerometer, gyro, proximity, compass, barometer",,4685 mAh,,"25W wired, 25W MagSafe","Black Titanium, White Titanium, Natural Titanium, Desert Titanium",A3296,"₹1,44,900",,,,,,,
Google,Google Pixel 9,GSM / HSPA / LTE / 5G,"2024, August 13","Available. Released 2024, August 22",,,,Nano-SIM + eSIM,,"OLED, 120Hz",6.3 inches,1080 x 2424 pixels,Gorilla Glass Victus 2,HDR support,Android 14,Google Tensor G4 (4 nm),Octa-core,Mali-G715 MC7,No,128GB / 256GB,50 MP + 48 MP,"OIS, ultrawide",4K@60fps,10.5 MP,HDR,4K@60fps,Stereo speakers,No,Wi-Fi 7,Bluetooth 5.3,"GPS, GLONASS, GALILEO, BDS, QZSS",Yes,No,USB Type-C 3.2,"Fingerprint, accelerometer, gyro, proximity, compass, barometer",7 years of OS updates,4700 mAh,,"27W wired, 15W wireless","Obsidian, Porcelain, Wintergreen, Peony",,"₹79,999",,,,,,,
Google,Google Pixel 9 Pro,GSM / HSPA / LTE / 5G,"2024, August 13","Available. Released 2024, September 04",,,,Nano-SIM + eSIM,,"LTPO OLED, 120Hz",6.3 inches,1280 x 2856 pixels,Gorilla Glass Victus 2,"HDR support, Always-On",Android 14,Google Tensor G4 (4 nm),Octa-core,Mali-G715 MC7,No,128GB / 256GB / 512GB / 1TB,50 MP + 48 MP + 48 MP,"OIS, 5x optical zoom",4K@60fps,42 MP,"Autofocus, HDR",4K@60fps,Stereo speakers,No,Wi-Fi 7,Bluetooth 5.3,"GPS, GLONASS, GALILEO, BDS, QZSS",Yes,No,USB Type-C 3.2,"Fingerprint, accelerometer, gyro, proximity, compass, barometer",7 years of OS updates,4700 mAh,,"27W wired, wireless","Obsidian, Porcelain, Hazel, Rose Quartz",,"₹1,09,999",,,,,,,
Google,Google Pixel 9 Pro XL,GSM / HSPA / LTE / 5G,"2024, August 13","Available. Released 2024, August 22",,,,Nano-SIM + eSIM,,"LTPO OLED, 120Hz",6.8 inches,1344 x 2992 pixels,Gorilla Glass Victus 2,"HDR support, Always-On",Android 14,Google Tensor G4 (4 nm),Octa-core,Mali-G715 MC7,No,128GB / 256GB / 512GB / 1TB,50 MP + 48 MP + 48 MP,"OIS, 5x optical zoom",4K@60fps,42 MP,"Autofocus, HDR",4K@60fps,Stereo speakers,No,Wi-Fi 7,Bluetooth 5.3,"GPS, GLONASS, GALILEO, BDS, QZSS",Yes,No,USB Type-C 3.2,"Fingerprint, accelerometer, gyro, proximity, compass, barometer",7 years of OS updates,5060 mAh,,"37W wired, wireless","Obsidian, Porcelain, Hazel, Rose Quartz",,"₹1,24,999",,,,,,,
Samsung,Samsung Galaxy S24 FE,GSM / HSPA / LTE / 5G,"2024, September 26","Available. Released 2024, October 03",,,,Nano-SIM + eSIM,,"Dynamic AMOLED 2X, 120Hz",6.7 inches,1080 x 2340 pixels,Gorilla Glass Victus+,HDR10+,"Android 14, One UI 6.1",Exynos 2400e (4 nm),Deca-core,Xclipse 940,No,128GB / 256GB / 512GB,50 MP + 8 MP + 12 MP,"OIS, 3x optical zoom",8K@30fps,10 MP,HDR,4K@60fps,Stereo speakers,No,Wi-Fi 6E,Bluetooth 5.3,"GPS, GLONASS, GALILEO, BDS, QZSS",Yes,No,USB Type-C 3.2,"Fingerprint, accelerometer, gyro, proximity, compass, barometer",7 years of OS updates,4700 mAh,,"25W wired, 15W wireless","Blue, Graphite, Gray, Mint, Yellow",,"₹59,999",,,,,,,
Samsung,Samsung Galaxy S24 Ultra,GSM / HSPA / LTE / 5G,"2024, January 17","Available. Released 2024, January 24",,,,Nano-SIM + eSIM,,"Dynamic LTPO AMOLED 2X, 120Hz",6.8 inches,1440 x 3120 pixels,Gorilla Armor,"HDR10+, S Pen support","Android 14, One UI 6.1",Snapdragon 8 Gen 3 for Galaxy (4 nm),Octa-core,Adreno 750,No,256GB / 512GB / 1TB,200 MP + 50 MP + 10 MP + 12 MP,"OIS, 5x optical zoom",8K@30fps,12 MP,"HDR, dual pixel PDAF",4K@60fps,Stereo speakers,No,Wi-Fi 7,Bluetooth 5.3,"GPS, GLONASS, GALILEO, BDS, QZSS",Yes,No,USB Type-C 3.2,"Fingerprint, accelerometer, gyro, proximity, compass, barometer","S Pen, Galaxy AI",5000 mAh,,"45W wired, 15W wireless","Titanium Black, Gray, Violet, Yellow",,"₹1,29,999",,,,,,,
Samsung,Samsung Galaxy S24+,GSM / HSPA / LTE / 5G,"2024, January 17","Available. Released 2024, January 24",,,,Nano-SIM + eSIM,,"Dynamic LTPO AMOLED 2X, 120Hz",6.7 inches,1440 x 3120 pixels,Gorilla Glass Victus 2,HDR10+,"Android 14, One UI 6.1",Exynos 2400 (4 nm),Deca-core,Xclipse 940,No,256GB / 512GB,50 MP + 10 MP + 12 MP,"OIS, 3x optical zoom",8K@30fps,12 MP,HDR,4K@60fps,Stereo speakers,No,Wi-Fi 6E,Bluetooth 5.3,"GPS, GLONASS, GALILEO, BDS, QZSS",Yes,No,USB Type-C 3.2,"Fingerprint, accelerometer, gyro, proximity, compass, barometer",Galaxy AI,4900 mAh,,"45W wired, 15W wireless","Onyx Black, Marble Gray, Cobalt Violet, Amber Yellow",,"₹99,999",,,,,,,
Samsung,Samsung Galaxy A55 5G,GSM / HSPA / LTE / 5G,"2024, March 11","Available. Released 2024, March 15",,,,Nano-SIM + eSIM,,"Super AMOLED, 120Hz",6.6 inches,1080 x 2340 pixels,Gorilla Glass Victus+,HDR10+,"Android 14, One UI 6.1",Exynos 1480 (4 nm),Octa-core,Xclipse 530,microSDXC,128GB / 256GB 8GB RAM,50 MP + 12 MP + 5 MP,OIS,4K@30fps,32 MP,HDR,4K@30fps,Stereo speakers,No,Wi-Fi 6,Bluetooth 5.3,"GPS, GLONASS, GALILEO, BDS, QZSS",No,No,USB Type-C 2.0,"Fingerprint, accelerometer, gyro, proximity, compass",4 major Android upgrades,5000 mAh,,25W wired,"Iceblue, Lilac, Navy, Lemon",,"₹39,999",,,,,,,
Samsung,Samsung Galaxy A35 5G,GSM / HSPA / LTE / 5G,"2024, March 11","Available. Released 2024, March 15",,,,Nano-SIM + eSIM,,"Super AMOLED, 120Hz",6.6 inches,1080 x 2340 pixels,Gorilla Glass Victus+,HDR10+,"Android 14, One UI 6.1",Exynos 1380 (5 nm),Octa-core,Mali-G68 MP5,microSDXC,128GB / 256GB 6GB/8GB RAM,50 MP + 8 MP + 5 MP,OIS,4K@30fps,13 MP,HDR,4K@30fps,Stereo speakers,No,Wi-Fi 6,Bluetooth 5.3,"GPS, GLONASS, GALILEO, BDS, QZSS",No,No,USB Type-C 2.0,"Fingerprint, accelerometer, gyro, proximity, compass",4 major Android upgrades,5000 mAh,,25W wired,"Awesome Iceblue, Lilac, Navy, Lemon",,"₹30,999",,,,,,,
OnePlus,OnePlus 12 5G,GSM / HSPA / LTE / 5G,"2023, December 05","Available. Released 2024, January 23",,,,Nano-SIM + Nano-SIM,,"LTPO AMOLED, 120Hz",6.82 inches,1440 x 3168 pixels,Gorilla Glass Victus 2,"Dolby Vision, HDR10+","Android 14, OxygenOS 14",Snapdragon 8 Gen 3 (4 nm),Octa-core,Adreno 750,No,256GB / 512GB 12GB/16GB RAM,50 MP + 64 MP + 48 MP Hasselblad,"OIS, 3x periscope zoom",8K@24fps,32 MP,HDR,4K@30fps,Stereo speakers,No,Wi-Fi 7,Bluetooth 5.4,"GPS, GLONASS, GALILEO, BDS, QZSS",Yes,No,USB Type-C 3.2,"Fingerprint, accelerometer, gyro, proximity, compass","Alert slider, IR blaster",5400 mAh,,"100W wired, 50W wireless","Silky Black, Flowy Emerald",,"₹64,999",,,,,,,
OnePlus,OnePlus 12R 5G,GSM / HSPA / LTE / 5G,"2024, January 23","Available. Released 2024, February 06",,,,Nano-SIM + Nano-SIM,,"LTPO4 AMOLED, 120Hz",6.78 inches,1264 x 2780 pixels,Gorilla Glass Victus 2,"HDR10+, Dolby Vision","Android 14, OxygenOS 14",Snapdragon 8 Gen 2 (4 nm),Octa-core,Adreno 740,No,128GB / 256GB 8GB/16GB RAM,50 MP + 8 MP + 2 MP,OIS,4K@60fps,16 MP,HDR,1080p@30fps,Stereo speakers,No,Wi-Fi 7,Bluetooth 5.3,"GPS, GLONASS, GALILEO, BDS, QZSS",No,No,USB Type-C 2.0,"Fingerprint, accelerometer, gyro, proximity, compass",Alert slider,5500 mAh,,100W wired,"Iron Gray, Cool Blue, Sunset Dune",,"₹39,999",,,,,,,
OnePlus,OnePlus Nord CE4 5G,GSM / HSPA / LTE / 5G,"2024, April 01","Available. Released 2024, April 04",,,,Nano-SIM + Nano-SIM,,"Fluid AMOLED, 120Hz",6.7 inches,1080 x 2412 pixels,Gorilla Glass 7i,HDR10+,"Android 14, OxygenOS 14.1",Snapdragon 7 Gen 3 (4 nm),Octa-core,Adreno 720,No,128GB / 256GB 8GB RAM,50 MP + 8 MP,OIS,4K@30fps,16 MP,HDR,1080p@30fps,Stereo speakers,No,Wi-Fi 6,Bluetooth 5.4,"GPS, GLONASS, GALILEO, BDS, QZSS",No,No,USB Type-C 2.0,"Fingerprint, accelerometer, gyro, proximity, compass",microSD support via hybrid slot,5500 mAh,,100W wired,"Celadon Marble, Dark Chrome",,"₹24,999",,,,,,,
Motorola,Motorola Edge 50 Pro,GSM / HSPA / LTE / 5G,"2024, April 03","Available. Released 2024, April 09",,,,Nano-SIM + eSIM,,"P-OLED, 144Hz",6.7 inches,1220 x 2712 pixels,Gorilla Glass,HDR10+,"Android 14, Hello UI",Snapdragon 7 Gen 3 (4 nm),Octa-core,Adreno 720,No,256GB 8GB/12GB RAM,50 MP + 10 MP + 13 MP,"OIS, 3x optical zoom",4K@30fps,50 MP,Autofocus,4K@30fps,Stereo speakers,No,Wi-Fi 6E,Bluetooth 5.4,"GPS, GLONASS, GALILEO, BDS, QZSS",Yes,No,USB Type-C 3.1,"Fingerprint, accelerometer, gyro, proximity, compass",IP68 rating,4500 mAh,,"125W wired, 50W wireless","Black Beauty, Luxe Lavender, Moonlight Pearl",,"₹31,999",,,,,,,
Motorola,Motorola Edge 50 Fusion,GSM / HSPA / LTE / 5G,"2024, May 16","Available. Released 2024, May 22",,,,Nano-SIM + eSIM,,"P-OLED, 144Hz",6.7 inches,1080 x 2400 pixels,Gorilla Glass 5,HDR10+,"Android 14, Hello UI",Snapdragon 7s Gen 2 (4 nm),Octa-core,Adreno 710,No,128GB / 256GB 8GB/12GB RAM,50 MP + 13 MP,OIS,4K@30fps,32 MP,HDR,4K@30fps,Stereo speakers,No,Wi-Fi 6,Bluetooth 5.2,"GPS, GLONASS, GALILEO, BDS, QZSS",No,No,USB Type-C 2.0,"Fingerprint, accelerometer, gyro, proximity, compass",IP68 rating,5000 mAh,,68W wired,"Marshmallow Blue, Forest Blue, Hot Pink",,"₹22,999",,,,,,,
Motorola,Motorola Razr 50 Ultra,GSM / HSPA / LTE / 5G,"2024, June 25","Available. Released 2024, July 10",,,,Nano-SIM + eSIM,,"Foldable LTPO AMOLED, 165Hz",6.9 inches,1080 x 2640 pixels,Gorilla Glass Victus,HDR10+,"Android 14, Hello UI",Snapdragon 8s Gen 3 (4 nm),Octa-core,Adreno 735,No,256GB / 512GB 12GB RAM,50 MP + 50 MP,"OIS, 2x optical zoom",4K@60fps,32 MP,HDR,4K@60fps,Stereo speakers,No,Wi-Fi 7,Bluetooth 5.4,"GPS, GLONASS, GALILEO, BDS, QZSS",Yes,No,USB Type-C 2.0,"Fingerprint, accelerometer, gyro, proximity, compass","External 4.0-inch display, IPX8",4000 mAh,,"45W wired, 15W wireless","Midnight Blue, Spring Green, Peach Fuzz",,"₹99,999",,,,,,,
Nothing,Nothing Phone (2a),GSM / HSPA / LTE / 5G,"2024, March 05","Available. Released 2024, March 12",,,,Nano-SIM + Nano-SIM,,"AMOLED, 120Hz",6.7 inches,1084 x 2412 pixels,Gorilla Glass 5,HDR10+,"Android 14, Nothing OS 2.5",Dimensity 7200 Pro (4 nm),Octa-core,Mali-G610 MC4,No,128GB / 256GB 8GB/12GB RAM,50 MP + 50 MP,"OIS, ultrawide",4K@30fps,32 MP,HDR,1080p@60fps,Stereo speakers,No,Wi-Fi 6,Bluetooth 5.3,"GPS, GLONASS, GALILEO, BDS, QZSS",No,No,USB Type-C 2.0,"Fingerprint, accelerometer, gyro, proximity, compass",Glyph Interface,5000 mAh,,45W wired,"Black, White, Milk",,"₹23,999",,,,,,,
Nothing,Nothing Phone (2a) Plus,GSM / HSPA / LTE / 5G,"2024, July 31","Available. Released 2024, August 03",,,,Nano-SIM + Nano-SIM,,"AMOLED, 120Hz",6.7 inches,1084 x 2412 pixels,Gorilla Glass 5,HDR10+,"Android 14, Nothing OS 2.6",Dimensity 7350 Pro (4 nm),Octa-core,Mali-G610 MC4,No,256GB 12GB RAM,50 MP + 50 MP,"OIS, ultrawide",4K@30fps,50 MP,HDR,4K@30fps,Stereo speakers,No,Wi-Fi 6,Bluetooth 5.3,"GPS, GLONASS, GALILEO, BDS, QZSS",No,No,USB Type-C 2.0,"Fingerprint, accelerometer, gyro, proximity, compass",Glyph Interface,5000 mAh,,50W wired,"Black, Gray",,"₹27,999",,,,,,,
Xiaomi,Xiaomi 14 5G,GSM / HSPA / LTE / 5G,"2024, February 25","Available. Released 2024, March 07",,,,Nano-SIM + eSIM,,"LTPO AMOLED, 120Hz",6.36 inches,1200 x 2670 pixels,Gorilla Glass Victus,"Dolby Vision, HDR10+","Android 14, HyperOS",Snapdragon 8 Gen 3 (4 nm),Octa-core,Adreno 750,No,512GB 12GB RAM,50 MP + 50 MP + 50 MP Leica,"OIS, Leica optics",8K@24fps,32 MP,HDR,4K@60fps,Stereo speakers,No,Wi-Fi 7,Bluetooth 5.4,"GPS, GLONASS, GALILEO, BDS, QZSS",Yes,No,USB Type-C 3.2,"Fingerprint, accelerometer, gyro, proximity, compass, barometer",IP68 rating,4610 mAh,,"90W wired, 50W wireless","Jade Green, Black, White",,"₹69,999",,,,,,,
Xiaomi,Xiaomi 14 Ultra,GSM / HSPA / LTE / 5G,"2024, February 22","Available. Released 2024, March 07",,,,Nano-SIM + eSIM,,"LTPO AMOLED, 120Hz",6.73 inches,1440 x 3200 pixels,Shield Glass,"Dolby Vision, HDR10+","Android 14, HyperOS",Snapdragon 8 Gen 3 (4 nm),Octa-core,Adreno 750,No,512GB 16GB RAM,50 MP + 50 MP + 50 MP + 50 MP Leica,"1-inch-type main sensor, variable aperture",8K@24fps,32 MP,HDR,4K@60fps,Stereo speakers,No,Wi-Fi 7,Bluetooth 5.4,"GPS, GLONASS, GALILEO, BDS, QZSS",Yes,No,USB Type-C 3.2,"Fingerprint, accelerometer, gyro, proximity, compass, barometer",IP68 rating,5000 mAh,,"90W wired, 80W wireless","Black, White",,"₹99,999",,,,,,,
Xiaomi,Redmi Note 13 Pro 5G,GSM / HSPA / LTE / 5G,"2024, January 04","Available. Released 2024, January 10",,,,Nano-SIM + Nano-SIM,,"AMOLED, 120Hz",6.67 inches,1220 x 2712 pixels,Gorilla Glass Victus,"Dolby Vision, HDR10+","Android 13, MIUI 14",Snapdragon 7s Gen 2 (4 nm),Octa-core,Adreno 710,microSDXC (market dependent),128GB / 256GB 8GB/12GB RAM,200 MP + 8 MP + 2 MP,OIS,4K@30fps,16 MP,HDR,1080p@60fps,Stereo speakers,3.5mm,Wi-Fi 5,Bluetooth 5.2,"GPS, GLONASS, GALILEO, BDS, QZSS",No,Yes,USB Type-C 2.0,"Fingerprint, accelerometer, gyro, proximity, compass",IR blaster,5100 mAh,,67W wired,"Arctic White, Coral Purple, Midnight Black",,"₹25,999",,,,,,,
Xiaomi,Redmi Note 13 Pro+ 5G,GSM / HSPA / LTE / 5G,"2024, January 04","Available. Released 2024, January 10",,,,Nano-SIM + Nano-SIM,,"AMOLED, 120Hz",6.67 inches,1220 x 2712 pixels,Gorilla Glass Victus,"Dolby Vision, HDR10+","Android 13, MIUI 14",Dimensity 7200 Ultra (4 nm),Octa-core,Mali-G610 MC4,No,256GB / 512GB 8GB/12GB RAM,200 MP + 8 MP + 2 MP,OIS,4K@30fps,16 MP,HDR,1080p@60fps,Stereo speakers,No,Wi-Fi 6,Bluetooth 5.3,"GPS, GLONASS, GALILEO, BDS, QZSS",Yes,No,USB Type-C 2.0,"Fingerprint, accelerometer, gyro, proximity, compass","IP68 rating, IR blaster",5000 mAh,,120W wired,"Fusion Black, Fusion Purple, Fusion White",,"₹31,999",,,,,,,
Xiaomi,Redmi 13 5G,GSM / HSPA / LTE / 5G,"2024, July 09","Available. Released 2024, July 12",,,,Nano-SIM + Nano-SIM,,"IPS LCD, 120Hz",6.79 inches,1080 x 2460 pixels,Gorilla Glass 3,HDR support,"Android 14, HyperOS",Snapdragon 4 Gen 2 AE (4 nm),Octa-core,Adreno 613,microSDXC,128GB / 256GB 6GB/8GB RAM,108 MP + 2 MP,PDAF,1080p@30fps,13 MP,HDR,1080p@30fps,Yes,3.5mm,Wi-Fi 5,Bluetooth 5.3,"GPS, GLONASS, GALILEO, BDS",No,Yes,USB Type-C 2.0,"Fingerprint, accelerometer, gyro, proximity, compass",IR blaster,5030 mAh,,33W wired,"Black Diamond, Hawaiian Blue, Orchid Pink",,"₹13,999",,,,,,,
realme,realme GT 6 5G,GSM / HSPA / LTE / 5G,"2024, June 20","Available. Released 2024, June 25",,,,Nano-SIM + Nano-SIM,,"LTPO AMOLED, 120Hz",6.78 inches,1264 x 2780 pixels,Gorilla Glass Victus 2,"HDR10+, Dolby Vision","Android 14, realme UI 5.0",Snapdragon 8s Gen 3 (4 nm),Octa-core,Adreno 735,No,256GB / 512GB 8GB/16GB RAM,50 MP + 50 MP + 8 MP,"OIS, 2x optical zoom",4K@60fps,32 MP,HDR,4K@30fps,Stereo speakers,No,Wi-Fi 6,Bluetooth 5.4,"GPS, GLONASS, GALILEO, BDS, QZSS",Yes,No,USB Type-C 2.0,"Fingerprint, accelerometer, gyro, proximity, compass",IP65 rating,5500 mAh,,120W wired,"Fluid Silver, Razor Green",,"₹40,999",,,,,,,
realme,realme 13 Pro+ 5G,GSM / HSPA / LTE / 5G,"2024, July 30","Available. Released 2024, August 06",,,,Nano-SIM + Nano-SIM,,"AMOLED, 120Hz",6.7 inches,1080 x 2412 pixels,Gorilla Glass 7i,HDR10+,"Android 14, realme UI 5.0",Snapdragon 7s Gen 2 (4 nm),Octa-core,Adreno 710,No,256GB / 512GB 8GB/12GB RAM,50 MP + 50 MP + 8 MP,"OIS, 3x periscope zoom",4K@30fps,32 MP,HDR,4K@30fps,Stereo speakers,No,Wi-Fi 6,Bluetooth 5.2,"GPS, GLONASS, GALILEO, BDS, QZSS",No,No,USB Type-C 2.0,"Fingerprint, accelerometer, gyro, proximity, compass",IP65 rating,5200 mAh,,80W wired,"Monet Gold, Emerald Green, Monet Purple",,"₹32,999",,,,,,,
realme,realme P1 Pro 5G,GSM / HSPA / LTE / 5G,"2024, April 15","Available. Released 2024, April 30",,,,Nano-SIM + Nano-SIM,,"AMOLED, 120Hz",6.7 inches,1080 x 2412 pixels,Gorilla Glass 7i,HDR10+,"Android 14, realme UI 5.0",Snapdragon 6 Gen 1 (4 nm),Octa-core,Adreno 710,No,128GB / 256GB 8GB RAM,50 MP + 8 MP,OIS,4K@30fps,16 MP,HDR,1080p@30fps,Stereo speakers,No,Wi-Fi 5,Bluetooth 5.2,"GPS, GLONASS, GALILEO, BDS",No,No,USB Type-C 2.0,"Fingerprint, accelerometer, gyro, proximity, compass",IP65 rating,5000 mAh,,45W wired,"Phoenix Red, Parrot Blue",,"₹21,999",,,,,,,
vivo,vivo V30 Pro 5G,GSM / HSPA / LTE / 5G,"2024, February 28","Available. Released 2024, March 07",,,,Nano-SIM + Nano-SIM,,"AMOLED, 120Hz",6.78 inches,1260 x 2800 pixels,Schott Xensation,HDR10+,"Android 14, Funtouch 14",Dimensity 8200 (4 nm),Octa-core,Mali-G610 MC6,No,256GB / 512GB 8GB/12GB RAM,50 MP + 50 MP + 50 MP Zeiss,"OIS, Zeiss optics",4K@30fps,50 MP,"Autofocus, HDR",4K@30fps,Stereo speakers,No,Wi-Fi 6,Bluetooth 5.3,"GPS, GLONASS, GALILEO, BDS, QZSS",No,No,USB Type-C 2.0,"Fingerprint, accelerometer, gyro, proximity, compass",Aura Light portrait,5000 mAh,,80W wired,"Andaman Blue, Classic Black",,"₹41,999",,,,,,,
vivo,vivo V30 5G,GSM / HSPA / LTE / 5G,"2024, February 28","Available. Released 2024, March 14",,,,Nano-SIM + Nano-SIM,,"AMOLED, 120Hz",6.78 inches,1260 x 2800 pixels,Schott Xensation,HDR10+,"Android 14, Funtouch 14",Snapdragon 7 Gen 3 (4 nm),Octa-core,Adreno 720,No,128GB / 256GB / 512GB 8GB/12GB RAM,50 MP + 50 MP,"OIS, ultrawide",4K@30fps,50 MP,"Autofocus, HDR",4K@30fps,Stereo speakers,No,Wi-Fi 6,Bluetooth 5.4,"GPS, GLONASS, GALILEO, BDS, QZSS",No,No,USB Type-C 2.0,"Fingerprint, accelerometer, gyro, proximity, compass",Aura Light portrait,5000 mAh,,80W wired,"Peacock Green, Andaman Blue, Classic Black",,"₹33,999",,,,,,,
OPPO,OPPO Reno12 Pro 5G,GSM / HSPA / LTE / 5G,"2024, June 18","Available. Released 2024, July 12",,,,Nano-SIM + Nano-SIM,,"AMOLED, 120Hz",6.7 inches,1080 x 2412 pixels,Gorilla Glass Victus 2,HDR10+,"Android 14, ColorOS 14.1",Dimensity 7300 Energy (4 nm),Octa-core,Mali-G615 MC2,No,256GB / 512GB 12GB RAM,50 MP + 50 MP + 8 MP,"OIS, 2x optical zoom",4K@30fps,50 MP,Autofocus,4K@30fps,Stereo speakers,No,Wi-Fi 6,Bluetooth 5.4,"GPS, GLONASS, GALILEO, BDS, QZSS",No,No,USB Type-C 2.0,"Fingerprint, accelerometer, gyro, proximity, compass",AI features,5000 mAh,,80W wired,"Sunset Gold, Space Brown",,"₹36,999",,,,,,,
OPPO,OPPO Reno12 5G,GSM / HSPA / LTE / 5G,"2024, June 18","Available. Released 2024, July 12",,,,Nano-SIM + Nano-SIM,,"AMOLED, 120Hz",6.7 inches,1080 x 2412 pixels,Gorilla Glass 7i,HDR10+,"Android 14, ColorOS 14.1",Dimensity 7300 Energy (4 nm),Octa-core,Mali-G615 MC2,No,256GB 8GB/12GB RAM,50 MP + 8 MP + 2 MP,OIS,4K@30fps,32 MP,HDR,1080p@30fps,Stereo speakers,No,Wi-Fi 6,Bluetooth 5.4,"GPS, GLONASS, GALILEO, BDS, QZSS",No,No,USB Type-C 2.0,"Fingerprint, accelerometer, gyro, proximity, compass",AI features,5000 mAh,,80W wired,"Astro Silver, Sunset Pink, Matte Brown",,"₹32,999",,,,,,,
OPPO,OPPO F27 Pro+ 5G,GSM / HSPA / LTE / 5G,"2024, June 13","Available. Released 2024, June 20",,,,Nano-SIM + Nano-SIM,,"AMOLED, 120Hz",6.7 inches,1080 x 2412 pixels,Gorilla Glass Victus 2,HDR10+,"Android 14, ColorOS 14",Dimensity 7050 (6 nm),Octa-core,Mali-G68 MC4,No,128GB / 256GB 8GB RAM,64 MP + 2 MP,PDAF,4K@30fps,8 MP,HDR,1080p@30fps,Mono speaker,No,Wi-Fi 6,Bluetooth 5.2,"GPS, GLONASS, GALILEO, BDS",No,No,USB Type-C 2.0,"Fingerprint, accelerometer, gyro, proximity, compass",IP69 rating,5000 mAh,,67W wired,"Dusk Pink, Midnight Navy",,"₹27,999",,,,,,,
Lava,Lava Blaze Curve 5G,GSM / HSPA / LTE / 5G,"2024, March 05","Available. Released 2024, March 11",,,,Nano-SIM + Nano-SIM,,"Curved AMOLED, 120Hz",6.67 inches,1080 x 2400 pixels,Schott Xensation,HDR10+,"Android 13, near-stock",Dimensity 7050 (6 nm),Octa-core,Mali-G68 MC4,No,128GB / 256GB 8GB RAM,64 MP + 8 MP + 2 MP,PDAF,4K@30fps,32 MP,HDR,1080p@30fps,Stereo speakers,No,Wi-Fi 6,Bluetooth 5.2,"GPS, GLONASS, GALILEO, BDS",No,No,USB Type-C 2.0,"Fingerprint, accelerometer, gyro, proximity, compass",Clean Android experience,5000 mAh,,33W wired,"Iron Glass, Viridian Glass",,"₹17,999",,,,,,,
Lava,Lava Agni 3 5G,GSM / HSPA / LTE / 5G,"2024, October 04","Available. Released 2024, October 09",,,,Nano-SIM + Nano-SIM,,"AMOLED, 120Hz",6.78 inches,1200 x 2652 pixels,Gorilla Glass 5,Secondary rear display,"Android 14, near-stock",Dimensity 7300X (4 nm),Octa-core,Mali-G615 MC2,No,128GB / 256GB 8GB RAM,50 MP + 8 MP + 8 MP,"OIS, 3x telephoto",4K@30fps,16 MP,HDR,1080p@30fps,Stereo speakers,No,Wi-Fi 6,Bluetooth 5.4,"GPS, GLONASS, GALILEO, BDS",No,No,USB Type-C 2.0,"Fingerprint, accelerometer, gyro, proximity, compass","Action key, secondary rear display",5000 mAh,,66W wired,"Pristine Glass, Heather Glass",,"₹20,999",,,,,,,
Infinix,Infinix GT 20 Pro,GSM / HSPA / LTE / 5G,"2024, April 26","Available. Released 2024, May 01",,,,Nano-SIM + Nano-SIM,,"AMOLED, 144Hz",6.78 inches,1080 x 2436 pixels,Gorilla Glass,HDR support,"Android 14, XOS 14",Dimensity 8200 Ultimate (4 nm),Octa-core,Mali-G610 MC6,No,256GB 8GB/12GB RAM,108 MP + 2 MP + 2 MP,OIS,4K@60fps,32 MP,HDR,1440p@30fps,Stereo speakers,No,Wi-Fi 6,Bluetooth 5.3,"GPS, GLONASS, GALILEO, BDS",No,No,USB Type-C 2.0,"Fingerprint, accelerometer, gyro, proximity, compass","Cyber Mecha design, RGB lighting",5000 mAh,,45W wired,"Mecha Blue, Mecha Orange, Mecha Silver",,"₹24,999",,,,,,,
Infinix,Infinix Note 40 Pro+ 5G,GSM / HSPA / LTE / 5G,"2024, March 18","Available. Released 2024, March 19",,,,Nano-SIM + Nano-SIM,,"AMOLED, 120Hz",6.78 inches,1080 x 2436 pixels,Gorilla Glass,"JBL speakers, 3D curved display","Android 14, XOS 14",Dimensity 7020 (6 nm),Octa-core,IMG BXM-8-256,No,256GB 12GB RAM,108 MP + 2 MP + 2 MP,OIS,2K@30fps,32 MP,HDR,1080p@30fps,"Stereo speakers, JBL",No,Wi-Fi 5,Bluetooth 5.2,"GPS, GLONASS, GALILEO, BDS",No,No,USB Type-C 2.0,"Fingerprint, accelerometer, gyro, proximity, compass",Wireless MagCharge,4600 mAh,,"100W wired, 20W wireless","Obsidian Black, Vintage Green",,"₹24,999",,,,,,,
Tecno,TECNO Camon 30 Premier 5G,GSM / HSPA / LTE / 5G,"2024, February 27","Available. Released 2024, May",,,,Nano-SIM + Nano-SIM,,"LTPO AMOLED, 120Hz",6.77 inches,1264 x 2780 pixels,Gorilla Glass,HDR support,"Android 14, HIOS 14",Dimensity 8200 Ultimate (4 nm),Octa-core,Mali-G610 MC6,No,512GB 12GB RAM,50 MP + 50 MP + 50 MP,"OIS, 3x periscope zoom",4K@60fps,50 MP,Autofocus,4K@60fps,Stereo speakers,No,Wi-Fi 6,Bluetooth 5.3,"GPS, GLONASS, GALILEO, BDS",No,No,USB Type-C 2.0,"Fingerprint, accelerometer, gyro, proximity, compass",AI features,5000 mAh,,70W wired,"Loewe Edition, Alps Snowy Silver, Hawaii Lava Black",,"₹39,999",,,,,,,
ASUS,ASUS ROG Phone 8,GSM / HSPA / LTE / 5G,"2024, January 08","Available. Released 2024, January 18",,,,Nano-SIM + Nano-SIM,,"LTPO AMOLED, 165Hz",6.78 inches,1080 x 2400 pixels,Gorilla Glass Victus 2,"HDR10+, Always-On","Android 14, ROG UI",Snapdragon 8 Gen 3 (4 nm),Octa-core,Adreno 750,No,256GB / 512GB 12GB/16GB RAM,50 MP + 32 MP + 13 MP,"OIS, 3x optical zoom",8K@24fps,32 MP,HDR,1080p@30fps,Stereo speakers,3.5mm via adapter,Wi-Fi 7,Bluetooth 5.3,"GPS, GLONASS, GALILEO, BDS, QZSS",Yes,No,USB Type-C 3.2,"Fingerprint, accelerometer, gyro, proximity, compass","AirTrigger, gaming features, IP68",5500 mAh,,"65W wired, 15W wireless","Phantom Black, Rebel Grey",,"₹94,999",,,,,,,
ASUS,ASUS ROG Phone 8 Pro,GSM / HSPA / LTE / 5G,"2024, January 08","Available. Released 2024, January 18",,,,Nano-SIM + Nano-SIM,,"LTPO AMOLED, 165Hz",6.78 inches,1080 x 2400 pixels,Gorilla Glass Victus 2,"HDR10+, AniMe Vision display","Android 14, ROG UI",Snapdragon 8 Gen 3 (4 nm),Octa-core,Adreno 750,No,512GB / 1TB 16GB/24GB RAM,50 MP + 32 MP + 13 MP,"OIS, 3x optical zoom",8K@24fps,32 MP,HDR,1080p@30fps,Stereo speakers,3.5mm via adapter,Wi-Fi 7,Bluetooth 5.3,"GPS, GLONASS, GALILEO, BDS, QZSS",Yes,No,USB Type-C 3.2,"Fingerprint, accelerometer, gyro, proximity, compass","AirTrigger, gaming features, IP68",5500 mAh,,"65W wired, 15W wireless",Phantom Black,,"₹1,19,999",,,,,,,
Sony,Sony Xperia 1 VI,GSM / HSPA / LTE / 5G,"2024, May 15","Available. Released 2024, June 06",,,,Nano-SIM + eSIM,,"LTPO OLED, 120Hz",6.5 inches,1080 x 2340 pixels,Gorilla Glass Victus 2,HDR BT.2020,Android 14,Snapdragon 8 Gen 3 (4 nm),Octa-core,Adreno 750,microSDXC,256GB / 512GB 12GB RAM,48 MP + 12 MP + 12 MP,"OIS, variable optical zoom",4K@120fps,12 MP,HDR,4K@60fps,Stereo speakers,3.5mm,Wi-Fi 7,Bluetooth 5.4,"GPS, GLONASS, GALILEO, BDS, QZSS",No,Yes,USB Type-C 3.2,"Fingerprint, accelerometer, gyro, proximity, compass, barometer","IP65/IP68, shutter button",5000 mAh,,"30W wired, 15W wireless","Black, Platinum Silver, Khaki Green",,Not officially sold in India,,,,,,,
Samsung,Samsung Galaxy Z Flip6,GSM / HSPA / LTE / 5G,"2024, July 10","Available. Released 2024, July 24",,,,Nano-SIM + eSIM,,"Foldable Dynamic LTPO AMOLED 2X, 120Hz",6.7 inches,1080 x 2640 pixels,Gorilla Glass Victus 2,Cover display 3.4-inch Super AMOLED,"Android 14, One UI 6.1.1",Snapdragon 8 Gen 3 for Galaxy (4 nm),Octa-core,Adreno 750,No,256GB / 512GB 12GB RAM,50 MP + 12 MP,"OIS, ultrawide",4K@60fps,10 MP,HDR,4K@60fps,Stereo speakers,No,Wi-Fi 6E,Bluetooth 5.3,"GPS, GLONASS, GALILEO, BDS, QZSS",Yes,No,USB Type-C 3.2,"Fingerprint, accelerometer, gyro, proximity, compass, barometer","IP48, Flex Mode",4000 mAh,,"25W wired, 15W wireless","Silver Shadow, Yellow, Blue, Mint",,"₹1,09,999",,,,,,,
Samsung,Samsung Galaxy Z Fold6,GSM / HSPA / LTE / 5G,"2024, July 10","Available. Released 2024, July 24",,,,Nano-SIM + eSIM,,"Foldable Dynamic LTPO AMOLED 2X, 120Hz",7.6 inches,1856 x 2160 pixels,Gorilla Glass Victus 2,Cover display 6.3-inch Dynamic AMOLED 2X,"Android 14, One UI 6.1.1",Snapdragon 8 Gen 3 for Galaxy (4 nm),Octa-core,Adreno 750,No,256GB / 512GB / 1TB 12GB RAM,50 MP + 10 MP + 12 MP,"OIS, 3x optical zoom",8K@30fps,4 MP under-display + 10 MP cover,HDR,4K@60fps,Stereo speakers,No,Wi-Fi 6E,Bluetooth 5.3,"GPS, GLONASS, GALILEO, BDS, QZSS",Yes,No,USB Type-C 3.2,"Fingerprint, accelerometer, gyro, proximity, compass, barometer","S Pen support, IP48",4400 mAh,,"25W wired, 15W wireless","Silver Shadow, Pink, Navy",,"₹1,64,999",,,,,,,
