Brand Name	Model Name	Network	Year Announced	Status	Dimensions	Weight	Build	SIM	Body Other Informations	Display Type	Dispaly Size	Display Resolution	Display Protection	Other Display Info	OS	Chipset	CPU	GPU	Card Slot	Internal Memory	Main Camera Module	Main Camera Feature	Main Camera Video	Selfi Camera Module	Selfi Camera Feature	Selfi Camera Video	Loudspeaker	Audio Jack	WLAN	Bluetooth	GPS	NFC	Radio	USB	Sensors	Other Features	Battery Type	Battery Stand By	Battery Charging	Colors	Models	Price_INR	Main Image	Image 1	Image 2	Image 3	Image 4	Image 5	Product URL
Apple	Apple iPhone 18 Pro	GSM / HSPA / LTE / 5G	"2026, September 9"	"Available. Released 2026, September 18"						"LTPO Super Retina XDR OLED, 120Hz"	6.3 inches				iOS 27	Apple A20 Pro (2 nm)				256GB / 512GB / 1TB / 2TB	48 MP + 48 MP + 48 MP			12 MP													4288 mAh		60W wired (reported)			?164,900							
Apple	Apple iPhone 18 Pro Max	GSM / HSPA / LTE / 5G	"2026, September 9"	"Available. Released 2026, September 18"						"LTPO Super Retina XDR OLED, 120Hz"	6.9 inches				iOS 27	Apple A20 Pro (2 nm)				256GB / 512GB / 1TB / 2TB	48 MP + 48 MP + 48 MP			12 MP													5567 mAh		60W wired (reported)			?179,900							
Samsung	Samsung Galaxy S26 FE	GSM / HSPA / LTE / 5G	"2026, September 14"	"Available. Released 2026, September 18"						"AMOLED, 120Hz"	6.7 inches	FHD+			"Android 17, One UI 9"	Exynos 2500				"8GB RAM, 256GB storage"	50 MP + 12 MP + 8 MP (3x telephoto)			12 MP													4900 mAh		"45W wired, 15W wireless"			?79,999							
realme	realme 16 Pro Harry Potter Edition	GSM / HSPA / LTE / 5G	"2026, September 21"	Launched. Limited edition						AMOLED					Android	MediaTek Dimensity 7300 Max				"12GB RAM, 256GB storage"	200 MP													7000 mAh		80W			?62,999							
vivo	vivo T5 5G	GSM / HSPA / LTE / 5G	"2026, September 2"	"Available. Released 2026, September 9"						"3D curved AMOLED, 144Hz"	6.83 inches	1.5K			"Android 16, OriginOS 6"	MediaTek Dimensity 7500 Turbo				"6GB/128GB, 8GB/128GB, 8GB/256GB, 12GB/256GB"	50 MP Sony main camera with OIS													7050 mAh					?34,999							
POCO	POCO X8 5G	GSM / HSPA / LTE / 5G	"2026, September 4"	"Available. Released 2026, September 11"						"AMOLED, 120Hz"	6.83 inches	1.5K			Android	Qualcomm Snapdragon 6s Gen 4				"8GB RAM, 128GB storage"	50 MP + 2 MP													9000 mAh		67W			?29,999							
POCO	POCO X8 Power 5G	GSM / HSPA / LTE / 5G	"2026, September 4"	"Available. Released 2026, September 11"						"AMOLED, 120Hz"	6.83 inches	1.5K			Android	Qualcomm Snapdragon 6 Gen 5				"8GB RAM, 128GB / 256GB storage"	50 MP + 8 MP													10000 mAh		100W			?35,999							
iQOO	iQOO Z11xa 5G	GSM / HSPA / LTE / 5G	"2026, September 7"	"Available. Released 2026, September 14"						"LCD, 120Hz"	6.76 inches	FHD+			"Android 16, OriginOS 6"	MediaTek Dimensity 7400 Turbo				"8GB RAM, 128GB storage"	50 MP Sony camera													7200 mAh		44W			?28,999							
Xiaomi	Redmi Note 17 Pro 5G	GSM / HSPA / LTE / 5G	"2026, September 15"	"Available. Released 2026, September 17"						"AMOLED, 120Hz"	6.83 inches	1.5K			Android	Qualcomm Snapdragon 6s Gen 4				"8GB RAM, 128GB / 256GB storage"	50 MP + 8 MP													9000 mAh		67W			?36,999							
Xiaomi	Redmi Note 17 Pro Max 5G	GSM / HSPA / LTE / 5G	"2026, September 15"	"Available. Released 2026, September 23"						"AMOLED, 120Hz"	6.83 inches	1.5K			Android	Qualcomm Snapdragon 6 Gen 5				"8GB/256GB, 12GB/256GB"	50 MP + 8 MP													10000 mAh		100W			?49,999							
OPPO	OPPO K14 Plus 5G	GSM / HSPA / LTE / 5G	"2026, September 29"	"Announced. Sale expected 2026, October 8"						"AMOLED, 144Hz"		1.5K			Android 17	MediaTek Dimensity 7360 MAX				8GB variants													8000 mAh					?29,999							
Xiaomi	Redmi 17 5G	GSM / HSPA / LTE / 5G	"2026, September 3"	"Available. Released 2026, September 10"						"LCD, 120Hz"	6.9 inches	HD+			Android	Qualcomm Snapdragon 4 Gen 5				"6GB/128GB, 8GB/128GB"													7900 mAh		45W			?23,999							
Infinix	Infinix Hot 70 Pro 5G	GSM / HSPA / LTE / 5G	"2026, September 4"	"Available. Released 2026, September 12"						144Hz display	6.76 inches				Android	MediaTek Dimensity 7100				"6GB/128GB, 8GB/128GB"	50 MP Sony													6000 mAh					?24,999							
OPPO	OPPO K14 Lite 4G	GSM / HSPA / LTE	"2026, September 16"	Available						"LCD, 120Hz"	6.75 inches	HD+			Android	Unisoc T7250				"4GB RAM, 64GB storage"	13 MP													7000 mAh					?16,999							
Samsung	Samsung Galaxy S25 Ultra	GSM / HSPA / LTE / 5G	2025, January 22	Available. Released 2025, February 07						Dynamic LTPO AMOLED 2X, 120Hz	6.8 inches	1440 x 3120 pixels			Android 15, One UI 7	Qualcomm Snapdragon 8 Elite (3 nm)				256GB / 512GB / 1TB 12GB RAM	200 MP + 50 MP + 50 MP + 10 MP			12 MP													5000 mAh		45W wired, 15W wireless			?1,29,999							
Apple	Apple iPhone 17 Pro	GSM / HSPA / LTE / 5G	2025, September 09	Available. Released 2025, September 20						LTPO Super Retina XDR OLED, 120Hz	6.3 inches	1206 x 2622 pixels			iOS 19	Apple A19 Pro (3 nm)				128GB / 256GB / 512GB / 1TB	48 MP + 48 MP + 48 MP			24 MP													3582 mAh		30W wired, 25W MagSafe			?1,34,900							
OnePlus	OnePlus 13 5G	GSM / HSPA / LTE / 5G	2025, January 07	Available. Released 2025, January 23						LTPO4 AMOLED, 120Hz, Dolby Vision	6.82 inches	1440 x 3168 pixels			Android 15, OxygenOS 15	Qualcomm Snapdragon 8 Elite (3 nm)				256GB / 512GB, 12GB/16GB RAM	50 MP + 50 MP + 50 MP			32 MP													6000 mAh		100W wired, 50W wireless			?69,999							
iQOO	iQOO 13 5G	GSM / HSPA / LTE / 5G	2024, December 03	Available. Released 2024, December 10						LTPO AMOLED, 144Hz, HDR10+	6.82 inches	1440 x 3200 pixels			Android 15, Funtouch 15	Qualcomm Snapdragon 8 Elite (3 nm)				256GB / 512GB, 12GB/16GB RAM	50 MP + 50 MP + 50 MP			32 MP													6150 mAh		120W wired			?54,999							
Xiaomi	Xiaomi 15 5G	GSM / HSPA / LTE / 5G	2025, March 02	Available. Released 2025, March 11						LTPO OLED, 120Hz, Dolby Vision	6.36 inches	1200 x 2670 pixels			Android 15, HyperOS 2	Qualcomm Snapdragon 8 Elite (3 nm)				256GB / 512GB 12GB RAM	50 MP + 50 MP + 50 MP Leica			32 MP													5400 mAh		90W wired, 50W wireless			?64,999							
realme	realme GT 7 Pro 5G	GSM / HSPA / LTE / 5G	2024, November 26	Available. Released 2024, November 26						Eco2 OLED Plus, 120Hz	6.78 inches	1264 x 2780 pixels			Android 15, Realme UI 6.0	Qualcomm Snapdragon 8 Elite (3 nm)				256GB / 512GB 12GB/16GB RAM	50 MP + 50 MP + 8 MP			16 MP													5800 mAh		120W wired			?59,999							
vivo	vivo X200 Pro 5G	GSM / HSPA / LTE / 5G	2024, December 12	Available. Released 2024, December 19						LTPO AMOLED, 120Hz, Dolby Vision	6.78 inches	1260 x 2800 pixels			Android 15, Funtouch 15	MediaTek Dimensity 9400 (3 nm)				512GB 16GB RAM	50 MP + 200 MP + 50 MP Zeiss			32 MP													6000 mAh		90W wired, 30W wireless			?94,999							
Nothing	Nothing Phone (3)	GSM / HSPA / LTE / 5G	2025, July 15	Available. Released 2025, July 25						Flexible LTPO AMOLED, 120Hz	6.7 inches	1080 x 2412 pixels			Android 15, Nothing OS 3.0	Qualcomm Snapdragon 8s Gen 3				128GB / 256GB / 512GB	50 MP + 50 MP			32 MP													5000 mAh		65W wired, 15W wireless			?44,999							
Motorola	Motorola Edge 60 Pro	GSM / HSPA / LTE / 5G	2025, April 16	Available. Released 2025, April 24						P-OLED, 144Hz, HDR10+	6.7 inches	1220 x 2712 pixels			Android 15, Hello UI	Qualcomm Snapdragon 8s Gen 3				256GB / 512GB 12GB RAM	50 MP + 50 MP + 64 MP			50 MP													5200 mAh		125W wired, 50W wireless			?39,999							
Google	Google Pixel 9a	GSM / HSPA / LTE / 5G	2025, May 13	Available. Released 2025, May 20						Actua OLED, 120Hz	6.3 inches	1080 x 2424 pixels			Android 15	Google Tensor G4 (4 nm)				128GB / 256GB 8GB RAM	48 MP + 13 MP			13 MP													5000 mAh		27W wired, 7.5W wireless			?49,999							
Samsung	Samsung Galaxy S26 Ultra 5G	GSM / HSPA / LTE / 5G	2026, January 21	Available. Released 2026, February 06						Dynamic LTPO AMOLED 2X, 120Hz	6.9 inches	1440 x 3120 pixels			Android 16, One UI 8	Qualcomm Snapdragon 8 Gen 5 (2 nm)				256GB / 512GB / 1TB 12GB/16GB RAM	200 MP + 50 MP + 50 MP + 50 MP			12 MP													5550 mAh		65W wired, 25W wireless			?1,39,999							
OnePlus	OnePlus 14 5G	GSM / HSPA / LTE / 5G	2026, January 15	Available. Released 2026, January 28						LTPO5 AMOLED, 120Hz	6.82 inches	1440 x 3168 pixels			Android 16, OxygenOS 16	Qualcomm Snapdragon 8 Gen 5 (2 nm)				256GB / 512GB 12GB/16GB RAM	50 MP + 50 MP + 50 MP Hasselblad			32 MP													6500 mAh		120W wired, 50W wireless			?74,999							
vivo	vivo V40 Pro 5G	GSM / HSPA / LTE / 5G	2025, August 07	Available. Released 2025, August 14						AMOLED, 120Hz, HDR10+	6.78 inches	1260 x 2800 pixels			Android 14, Funtouch 14	MediaTek Dimensity 9200+ (4 nm)				256GB / 512GB 8GB/128GB RAM	50 MP + 50 MP + 50 MP Zeiss			50 MP													5500 mAh		80W wired			?49,999							
POCO	POCO F7 Pro 5G	GSM / HSPA / LTE / 5G	2025, May 22	Available. Released 2025, May 29						AMOLED, 120Hz, Dolby Vision	6.67 inches	1440 x 3200 pixels			Android 15, HyperOS	Qualcomm Snapdragon 8 Gen 3 (4 nm)				256GB / 512GB 12GB RAM	50 MP + 8 MP + 2 MP			16 MP													5000 mAh		120W wired			?39,999