Brand,Model,Launch_Year,Price_INR,RAM_GB,Storage_GB,Battery_mAh,Refresh_Rate_Hz,Primary_Camera_MP,Processor,5G,Rating,Total_Reviews,Antutu_Score,Geekbench_Score,
Xiaomi,Xiaomi 10 Pro,2025,47798,12,256,4500,144,108,Snapdragon 8 Gen 2,0,4.28,12039,1200409,4380,
Apple,iPhone 13,2026,42683,12,512,4500,60,64,Snapdragon 7 Gen 1,1,4.65,1834,1331528,2774,
Apple,iPhone 13 Pro Max,2024,58533,16,256,4500,144,108,Snapdragon 8 Gen 1,0,3.55,7809,363611,4895,
Xiaomi,Xiaomi Redmi Note 12,2026,50484,12,512,4500,120,64,Snapdragon 8 Gen 1,0,3.97,10692,458611,4066,
Samsung,Samsung Galaxy Z Fold 4,2023,33318,8,64,4500,90,64,Dimensity 920,0,4.11,5397,917840,3005,
Apple,iPhone 13 Pro,2020,43250,12,256,5500,144,50,A16 Bionic,1,4.52,1417,763672,2433,
Apple,iPhone 11,2024,55083,4,1024,4000,120,200,Snapdragon 7 Gen 1,0,4.86,5449,1335086,1821,
Xiaomi,Xiaomi Redmi Note 10,2026,60144,12,1024,5000,144,64,Snapdragon 8 Gen 1,0,4.29,7206,398146,4452,
Apple,iPhone 15 Pro,2020,25682,6,64,4000,90,50,A16 Bionic,1,4.23,9534,548554,3908,
Xiaomi,Xiaomi Redmi Note 12,2022,31223,6,128,4000,90,50,Exynos 2200,0,3.55,4204,1306939,1920,
Apple,iPhone 11,2024,37992,12,128,5500,90,48,A16 Bionic,0,4.85,11739,576386,3165,
Xiaomi,Xiaomi Redmi Note 13,2026,40737,6,1024,4000,60,48,Dimensity 8200,0,4.32,6651,879734,1932,
Apple,iPhone 11,2024,37581,8,512,4500,60,50,Dimensity 8200,1,3.74,13311,624838,3689,
Samsung,Samsung Galaxy Z Fold 3,2022,36981,8,64,4000,144,48,Dimensity 920,0,3.81,10847,968932,1219,
Apple,iPhone 12,2022,27620,8,128,4000,60,50,Dimensity 920,0,4.5,14608,1114709,902,
Apple,iPhone 12 Pro,2024,36606,6,128,5000,60,200,A16 Bionic,1,4.1,5226,742884,1493,
Apple,iPhone 14 Pro Max,2025,46747,16,256,4000,60,108,Snapdragon 8 Gen 1,0,4.1,2248,535638,2112,
Samsung,Samsung Galaxy A14,2023,55868,16,128,5000,144,200,Snapdragon 8 Gen 2,1,4.71,5517,1052158,1159,
Apple,iPhone 14 Pro Max,2021,38354,12,128,4000,120,50,A16 Bionic,1,4.7,6907,752471,2887,
Samsung,Samsung Galaxy S24,2024,39914,4,1024,4000,90,48,Snapdragon 7 Gen 1,1,4.35,13265,619396,887,
Apple,iPhone 14,2022,46824,12,512,5500,90,64,Snapdragon 8 Gen 1,1,4.57,4168,1128709,2967,
Apple,iPhone 12 Pro Max,2026,38047,4,512,4000,120,64,A16 Bionic,1,4.66,4749,1292606,3433,
Samsung,Samsung Galaxy S24,2026,41316,8,256,5500,120,200,Exynos 2200,0,3.89,3812,1318573,1490,
Xiaomi,Xiaomi 12 Pro,2025,46032,12,512,5000,120,50,Exynos 2200,0,4.87,12239,602819,3620,
Apple,iPhone 15,2026,19747,4,64,4000,60,50,Snapdragon 8 Gen 2,1,3.84,4021,953620,4222,
Apple,iPhone 12 Pro,2022,54423,16,512,4000,144,50,Snapdragon 7 Gen 1,1,3.6,5290,580080,4916,
Xiaomi,Xiaomi Redmi Note 9,2026,63230,12,1024,5500,120,200,Snapdragon 8 Gen 2,0,4.73,960,968374,4905,
Xiaomi,Xiaomi Redmi Note 11,2024,39753,4,512,5500,144,50,Dimensity 8200,1,4.38,9340,712107,1948,
Apple,iPhone 12 Pro,2021,40739,12,64,4000,90,50,Dimensity 920,0,3.73,13373,486856,1458,
Xiaomi,Xiaomi 10 Pro,2023,44056,4,256,4500,144,200,Snapdragon 8 Gen 2,1,4.76,7250,1476409,3780,
Xiaomi,Xiaomi Redmi Note 13,2020,41056,12,256,4000,60,64,A16 Bionic,0,4.7,12550,908331,2358,
Samsung,Samsung Galaxy S21,2021,35350,4,64,5000,144,200,Snapdragon 8 Gen 2,1,4.42,13694,494117,1863,
Samsung,Samsung Galaxy Z Fold 3,2023,34499,4,256,4000,144,50,Dimensity 920,0,3.53,137,464096,4676,
Samsung,Samsung Galaxy A24,2026,48819,8,512,4500,144,64,A16 Bionic,1,4.43,2620,674525,3715,
Xiaomi,Xiaomi Redmi Note 11,2023,40067,8,256,4000,144,64,Exynos 2200,1,3.7,7270,1245365,4296,
Apple,iPhone 15 Pro,2021,46248,6,512,4000,120,200,Dimensity 8200,1,4.15,5099,1072577,4246,
Samsung,Samsung Galaxy S21,2024,58003,12,1024,5500,120,50,Dimensity 8200,1,3.94,13052,889696,1064,
Apple,iPhone 11 Pro,2025,36350,4,128,5000,144,200,Snapdragon 8 Gen 2,0,4.28,13914,806058,4620,
Samsung,Samsung Galaxy S21,2026,45203,12,128,5500,144,48,Snapdragon 7 Gen 1,0,4.68,4071,916403,2376,
Samsung,Samsung Galaxy A24,2023,63584,8,1024,4000,144,200,Exynos 2200,0,4.46,7975,618447,3666,
Apple,iPhone 14,2026,46021,12,512,5500,90,108,A16 Bionic,0,4.7,14804,571990,3436,
Apple,iPhone 12 Pro Max,2026,51692,16,512,4000,90,64,Snapdragon 8 Gen 2,1,4.4,12234,385268,3947,
Apple,iPhone 13,2024,34806,6,512,5000,90,48,Dimensity 920,0,4.01,10494,1485482,1788,
Xiaomi,Xiaomi Redmi Note 13,2023,52765,8,1024,4500,144,48,Exynos 2200,0,4.36,14519,1223198,4478,
Apple,iPhone 15,2021,45849,4,512,4500,144,108,Snapdragon 8 Gen 1,1,4.35,2405,894429,1067,
Samsung,Samsung Galaxy A14,2023,42193,16,64,4000,60,50,Dimensity 8200,1,4.49,3982,585286,1002,
Apple,iPhone 12,2025,61766,12,1024,5000,144,64,Dimensity 8200,0,3.91,5342,801705,3240,
Xiaomi,Xiaomi Redmi Note 11,2026,43627,6,512,5000,120,108,Exynos 2200,0,4.52,11334,1008255,4336,
Apple,iPhone 12 Pro Max,2022,38772,6,512,4000,90,108,Snapdragon 7 Gen 1,0,4.71,7511,392014,4725,
Xiaomi,Xiaomi 13 Pro,2021,49606,16,256,4000,90,48,Exynos 2200,0,3.71,9906,1163525,4640,
Apple,iPhone 12 Pro,2025,30605,6,64,5500,120,108,Dimensity 920,0,3.87,5702,642933,1163,
Apple,iPhone 15 Pro,2021,41484,12,256,5000,60,200,Exynos 2200,1,4.12,4226,853742,1838,
Apple,iPhone 11 Pro Max,2020,35974,8,64,4500,60,200,A16 Bionic,1,3.89,5300,912472,4382,
Samsung,Samsung Galaxy S22,2020,37674,4,512,5000,120,64,Dimensity 8200,1,3.99,3884,618590,1478,
Samsung,Samsung Galaxy Z Fold 5,2021,42523,8,512,4000,144,48,Dimensity 8200,1,4.3,11170,887708,4043,
Samsung,Samsung Galaxy A14,2020,39263,4,256,5500,144,200,Dimensity 8200,1,3.88,5627,889020,2218,
Xiaomi,Xiaomi Redmi Note 13,2026,39472,8,128,5500,144,64,Snapdragon 7 Gen 1,1,3.88,8288,666655,3073,
Xiaomi,Xiaomi 11 Pro,2020,64662,16,1024,4500,120,64,Snapdragon 8 Gen 2,1,4.38,11703,353492,1724,
Samsung,Samsung Galaxy A14,2026,51027,8,1024,5500,90,108,Dimensity 8200,0,3.97,3611,667508,1068,
Apple,iPhone 13 Pro Max,2023,44794,16,128,5000,60,200,A16 Bionic,0,4.57,8877,761623,3882,
Samsung,Samsung Galaxy A54,2026,60985,12,1024,5000,144,50,Snapdragon 7 Gen 1,1,3.56,3009,1070071,4951,
Apple,iPhone 11 Pro Max,2022,35574,4,128,5500,144,64,A16 Bionic,0,3.74,6986,1273865,1155,
Xiaomi,Xiaomi Redmi Note 12,2024,30708,4,128,4000,120,64,Exynos 2200,0,4.16,1775,688503,1728,
Samsung,Samsung Galaxy Z Fold 5,2024,35291,4,512,5000,60,64,Snapdragon 7 Gen 1,1,4.31,12768,446425,4333,
Xiaomi,Xiaomi Redmi Note 13,2025,34551,6,128,5000,144,108,Snapdragon 8 Gen 2,0,3.87,1630,1498216,971,
Apple,iPhone 14,2026,40655,12,128,5500,144,50,A16 Bionic,1,4.18,14668,1178081,2194,
Xiaomi,Xiaomi Redmi Note 9,2025,27461,6,64,4500,90,64,Snapdragon 8 Gen 2,0,4.05,4916,273049,3181,
Samsung,Samsung Galaxy S20,2021,37507,8,512,4500,60,108,Snapdragon 7 Gen 1,1,4.52,895,353369,1954,
Xiaomi,Xiaomi Redmi Note 11,2026,47048,12,64,5500,90,200,Exynos 2200,0,4.14,8599,1266454,3592,
Xiaomi,Xiaomi Redmi Note 13,2024,32649,4,512,5500,60,50,Snapdragon 8 Gen 2,1,4.89,8272,544477,803,
Xiaomi,Xiaomi 10 Pro,2022,50679,16,128,5500,90,200,A16 Bionic,1,3.83,12346,1446044,2200,
Apple,iPhone 13,2025,31522,4,256,4000,90,108,Dimensity 8200,1,3.57,10301,1148948,1353,
Samsung,Samsung Galaxy A14,2022,25192,4,128,4500,120,48,Exynos 2200,0,4.59,6733,1477538,4038,
Samsung,Samsung Galaxy A24,2022,48216,16,256,5500,144,50,Dimensity 8200,0,4.65,4185,1149461,1162,
Xiaomi,Xiaomi 10 Pro,2021,61031,16,256,4000,144,200,Snapdragon 8 Gen 2,1,4.21,2488,940094,2795,
Xiaomi,Xiaomi Redmi Note 12,2023,44348,8,512,5500,144,108,Dimensity 920,1,4.77,3677,1134094,1780,
Xiaomi,Xiaomi 11 Pro,2023,33286,4,128,5500,144,48,Snapdragon 8 Gen 1,1,4,10995,718764,1542,
Apple,iPhone 14 Pro Max,2022,33276,8,64,5500,60,200,Snapdragon 7 Gen 1,1,4.56,708,260479,953,
Xiaomi,Xiaomi 11 Pro,2026,48517,12,256,4500,144,108,A16 Bionic,0,4.02,8157,689987,2767,
Xiaomi,Xiaomi 13 Pro,2026,32704,6,128,4000,60,108,Exynos 2200,0,4.66,12628,293744,4819,
Apple,iPhone 13 Pro,2022,43027,6,128,5500,144,200,Exynos 2200,1,3.85,3266,1480164,4035,
Xiaomi,Xiaomi Redmi Note 13,2022,35595,6,512,4000,60,64,Exynos 2200,1,3.64,12689,1113712,1046,
Xiaomi,Xiaomi Redmi Note 12,2024,48441,16,512,5000,60,64,A16 Bionic,0,3.98,5790,1025482,3761,
Samsung,Samsung Galaxy S20,2021,33530,8,256,4000,60,50,Exynos 2200,1,4.87,7927,302041,1588,
Xiaomi,Xiaomi Redmi Note 12,2020,32975,8,64,4000,144,64,A16 Bionic,0,4.73,8888,917872,4898,
Apple,iPhone 13 Pro Max,2020,52152,16,512,4500,90,64,Snapdragon 7 Gen 1,1,4.41,14641,551340,3190,
Samsung,Samsung Galaxy Z Fold 4,2020,47724,6,1024,5500,90,50,Dimensity 920,0,3.6,14327,1463524,1270,
Xiaomi,Xiaomi Redmi Note 9,2025,45944,12,512,5500,90,50,Exynos 2200,0,3.59,8276,1361662,3915,
Apple,iPhone 13,2022,62801,16,1024,5500,120,50,A16 Bionic,1,4.29,5275,1201344,3066,
Apple,iPhone 15 Pro,2020,23377,4,64,4000,60,64,A16 Bionic,0,3.79,14172,1007611,1188,
Xiaomi,Xiaomi Redmi Note 10,2024,47910,16,128,5000,90,64,Dimensity 920,0,3.66,7722,1435684,4792,
Apple,iPhone 12 Pro Max,2024,38457,12,64,5000,90,108,Snapdragon 8 Gen 1,1,4.88,6261,1280582,3136,
Samsung,Samsung Galaxy Z Fold 3,2020,36683,4,512,4500,120,48,Snapdragon 8 Gen 1,1,3.54,7780,1076336,4917,
Xiaomi,Xiaomi Redmi Note 11,2024,31219,6,512,5000,60,50,Snapdragon 8 Gen 2,1,3.93,10474,758576,2983,
Samsung,Samsung Galaxy S22,2021,43724,8,1024,5000,60,50,Snapdragon 8 Gen 2,1,4.61,9999,575070,1667,
Apple,iPhone 11 Pro Max,2024,33684,4,64,5500,144,48,A16 Bionic,1,4.46,12367,523170,1256,
Samsung,Samsung Galaxy Z Fold 5,2020,26465,4,64,4500,90,50,A16 Bionic,0,3.9,13898,812003,1753,
Xiaomi,Xiaomi 13 Pro,2025,37670,12,256,4500,90,48,Exynos 2200,0,4.81,12970,839978,3510,
Xiaomi,Xiaomi 10 Pro,2021,39900,12,128,4500,144,50,Exynos 2200,0,4.71,12282,930661,3610,
Xiaomi,Xiaomi Redmi Note 9,2024,28563,6,64,5000,90,108,Snapdragon 8 Gen 1,1,3.91,4187,379819,3607,
Samsung,Samsung Galaxy S21,2026,35411,6,64,4500,144,50,Snapdragon 8 Gen 2,1,4.06,6743,865986,996,
Samsung,Samsung Galaxy A24,2023,56612,16,512,4000,120,50,Exynos 2200,1,3.83,2735,1364974,4655,
Xiaomi,Xiaomi Redmi Note 10,2022,34516,8,64,4000,90,48,Dimensity 920,0,3.58,2656,1015598,3658,
Samsung,Samsung Galaxy S23,2026,33594,6,64,5000,120,108,Exynos 2200,1,4.79,6773,1017223,2992,
Samsung,Samsung Galaxy A34,2022,43094,6,1024,5000,90,48,Snapdragon 8 Gen 1,1,4.72,6200,1220876,3032,
Apple,iPhone 11,2021,33250,6,256,5500,90,108,Dimensity 8200,1,4.29,7306,1184527,4484,
Apple,iPhone 15 Pro Max,2020,55858,12,1024,4500,90,108,Dimensity 8200,0,4.65,14683,546218,1556,
Apple,iPhone 12 Pro,2020,55470,8,1024,4500,144,108,Dimensity 8200,1,4.01,13703,471807,4651,
Apple,iPhone 15 Pro Max,2020,22827,6,128,5500,60,50,Snapdragon 7 Gen 1,1,4.55,10610,1429649,3487,
Xiaomi,Xiaomi 11 Pro,2023,27528,4,256,5000,60,48,Snapdragon 8 Gen 2,1,4.52,3343,1163033,3266,
Xiaomi,Xiaomi Redmi Note 11,2021,54605,8,1024,5000,144,108,Snapdragon 8 Gen 1,0,4.87,6892,630690,4785,
Samsung,Samsung Galaxy Z Fold 3,2025,37066,4,256,4500,120,200,Snapdragon 8 Gen 1,1,4.51,4657,713410,3443,
Xiaomi,Xiaomi Redmi Note 9,2025,43697,16,128,4000,60,48,Snapdragon 7 Gen 1,1,4.3,5658,1308184,2236,
Samsung,Samsung Galaxy A34,2023,29114,6,128,4000,90,48,A16 Bionic,0,4.44,8231,470614,4681,
Samsung,Samsung Galaxy A54,2026,41034,16,128,4500,60,50,Snapdragon 8 Gen 2,0,3.79,3216,369904,2609,
Xiaomi,Xiaomi Redmi Note 12,2021,38345,8,256,4000,144,64,A16 Bionic,0,4.5,2554,695331,1351,
Samsung,Samsung Galaxy S24,2022,57965,8,1024,4000,144,64,Snapdragon 8 Gen 1,0,3.91,1645,1065694,3361,
Samsung,Samsung Galaxy A74,2021,47057,8,512,4000,90,200,A16 Bionic,1,4.28,7658,1143199,2564,
Xiaomi,Xiaomi Redmi Note 10,2025,40261,8,512,5000,60,48,Snapdragon 7 Gen 1,1,3.5,8249,279841,3183,
Samsung,Samsung Galaxy A24,2022,65745,16,512,4500,144,200,Exynos 2200,1,3.5,10723,969953,4581,
Apple,iPhone 12 Pro,2024,47326,12,512,4000,144,50,Snapdragon 7 Gen 1,1,4.23,12007,277348,2561,
Apple,iPhone 15,2020,50538,8,512,4500,120,200,Snapdragon 7 Gen 1,1,4.35,5212,874333,4741,
Xiaomi,Xiaomi 13 Pro,2023,43711,8,256,4000,144,64,Snapdragon 8 Gen 2,0,4.2,10119,903548,4699,
Samsung,Samsung Galaxy S24,2024,40485,6,128,5500,144,108,Dimensity 8200,0,4.7,8633,1186510,3931,
Samsung,Samsung Galaxy A54,2026,65507,16,1024,5500,90,48,A16 Bionic,0,3.67,13222,406238,2693,
Apple,iPhone 15 Pro Max,2021,31541,4,64,5000,144,108,Dimensity 8200,1,3.76,12858,1393512,4424,
Samsung,Samsung Galaxy A24,2024,43759,12,64,4500,120,50,Snapdragon 8 Gen 2,0,4.1,5057,942135,4784,
Samsung,Samsung Galaxy A74,2023,50128,16,256,5500,90,48,Snapdragon 7 Gen 1,0,3.8,8042,1054970,896,
Apple,iPhone 13 Pro Max,2023,59379,12,1024,5000,90,64,A16 Bionic,0,4.77,6842,588073,808,
Samsung,Samsung Galaxy A34,2023,56038,16,512,5000,120,48,Snapdragon 8 Gen 1,1,4.74,9566,550707,3262,
Apple,iPhone 11 Pro Max,2022,28102,6,256,5500,60,64,Dimensity 8200,0,4.28,13025,1477274,3528,
Apple,iPhone 14 Pro,2021,39508,8,512,4500,60,108,Snapdragon 7 Gen 1,1,3.7,10299,891799,4158,
Apple,iPhone 14,2025,40382,12,64,4000,144,64,Dimensity 920,1,4.32,4579,939485,4906,
Samsung,Samsung Galaxy S24,2023,28905,8,256,5000,60,48,Snapdragon 8 Gen 1,1,4.08,4978,875224,1755,
Samsung,Samsung Galaxy A34,2020,49489,12,512,4000,120,48,Snapdragon 8 Gen 1,0,3.65,10533,1217801,3028,
Apple,iPhone 14 Pro Max,2024,25870,6,64,4000,60,50,Dimensity 8200,0,4.22,12800,995446,2692,
Xiaomi,Xiaomi Redmi Note 10,2022,26688,6,256,5500,60,48,Dimensity 920,0,4.4,2379,774756,1942,
Apple,iPhone 14 Pro Max,2022,62465,12,1024,5500,90,200,Exynos 2200,1,4.76,8257,1135110,1678,
Samsung,Samsung Galaxy S21,2026,44864,12,128,5500,144,64,Dimensity 8200,0,4.03,8982,1268264,4811,
Xiaomi,Xiaomi Redmi Note 12,2023,37313,4,256,4500,120,200,Dimensity 8200,1,4.87,5415,1076972,1879,
Samsung,Samsung Galaxy A14,2022,47653,16,64,4500,120,50,Dimensity 8200,0,3.66,11611,307557,1433,
Samsung,Samsung Galaxy A74,2021,59369,12,1024,4500,90,50,Dimensity 920,1,4.8,6886,722384,4579,
Xiaomi,Xiaomi Redmi Note 12,2024,43986,12,256,4000,120,48,Dimensity 920,1,4.35,11361,607276,3920,
Samsung,Samsung Galaxy A24,2023,35622,6,256,5000,60,200,A16 Bionic,1,3.97,10327,1053993,1265,
Samsung,Samsung Galaxy Z Fold 5,2024,34667,12,128,5000,60,64,Dimensity 8200,0,3.67,14549,899255,1388,
Xiaomi,Xiaomi Redmi Note 11,2025,31210,6,256,5500,60,50,Exynos 2200,0,4.1,2406,913532,894,
Xiaomi,Xiaomi 13 Pro,2025,45873,16,64,5500,90,108,Snapdragon 8 Gen 2,0,3.87,1735,895190,2172,
Xiaomi,Xiaomi Redmi Note 10,2023,40774,12,256,4000,90,64,Snapdragon 7 Gen 1,0,3.52,12098,949590,2446,
Xiaomi,Xiaomi 13 Pro,2024,55402,12,1024,4000,90,108,Exynos 2200,0,4.32,7711,880684,1164,
Xiaomi,Xiaomi Redmi Note 13,2024,34174,6,64,5500,120,48,Snapdragon 8 Gen 1,0,4.57,12160,925668,1734,
Apple,iPhone 14,2021,50282,4,1024,5000,144,64,A16 Bionic,1,3.89,14933,750854,3643,
Xiaomi,Xiaomi 12 Pro,2025,38365,6,128,4000,144,200,Dimensity 920,1,4,6811,465256,2690,
Samsung,Samsung Galaxy S21,2022,31186,4,128,5500,120,64,Dimensity 8200,0,4.19,13842,1245083,3826,
Xiaomi,Xiaomi Redmi Note 12,2024,46459,6,256,4000,144,200,A16 Bionic,1,3.87,745,479264,1669,
Samsung,Samsung Galaxy S20,2022,40221,12,64,4500,90,50,Dimensity 920,1,3.99,10049,1379017,908,
Xiaomi,Xiaomi 11 Pro,2025,52650,8,1024,4000,120,108,Dimensity 8200,0,4.79,6534,1024915,1093,
Apple,iPhone 12 Pro,2021,39262,12,512,4500,60,48,Snapdragon 8 Gen 2,0,4.84,1628,357839,4433,
Xiaomi,Xiaomi Redmi Note 12,2022,37777,6,256,4000,144,64,Dimensity 920,0,4.39,10961,1324641,1411,
Xiaomi,Xiaomi 10 Pro,2025,25745,4,128,5000,90,50,Snapdragon 8 Gen 1,0,3.51,10999,911420,3988,
Apple,iPhone 14,2020,44113,4,1024,5000,90,50,A16 Bionic,0,3.82,10278,1114783,2534,
Apple,iPhone 11,2026,55221,16,512,5500,120,50,Snapdragon 8 Gen 2,0,4.31,12494,491028,852,
Samsung,Samsung Galaxy Z Fold 3,2021,34585,12,64,5000,90,50,Snapdragon 8 Gen 2,0,4.12,13486,1018609,1876,
Apple,iPhone 15,2025,70085,16,1024,4500,144,108,Dimensity 8200,0,4.72,13701,412727,4236,
Xiaomi,Xiaomi Redmi Note 12,2022,21087,4,64,4000,90,48,Snapdragon 8 Gen 1,0,4.09,10978,1238600,2610,
Samsung,Samsung Galaxy A24,2021,46494,16,256,4000,60,108,Dimensity 8200,0,4.85,2858,954640,917,
Apple,iPhone 15,2025,54087,16,256,4500,120,64,Dimensity 920,0,4.62,5662,1024620,4488,
Samsung,Samsung Galaxy A74,2020,34968,6,128,4000,120,108,Snapdragon 8 Gen 1,1,3.53,5436,1301850,4926,
Samsung,Samsung Galaxy Z Fold 5,2022,36680,6,64,5500,144,64,Snapdragon 7 Gen 1,0,4.56,14459,436237,3889,
Samsung,Samsung Galaxy A34,2025,28304,6,128,4500,90,64,Snapdragon 7 Gen 1,1,4.78,12172,281845,3704,
Samsung,Samsung Galaxy Z Fold 5,2026,38801,6,512,4500,60,200,Snapdragon 8 Gen 2,1,3.73,12148,832563,3294,
Xiaomi,Xiaomi Redmi Note 12,2023,51869,16,512,5500,60,50,Exynos 2200,0,4.13,8863,505425,2106,
Xiaomi,Xiaomi Redmi Note 12,2022,50527,12,128,4500,120,200,Dimensity 920,0,3.9,1861,484012,3638,
Xiaomi,Xiaomi Redmi Note 13,2023,31369,8,64,4000,120,48,Snapdragon 8 Gen 1,1,4.24,4480,973303,2717,
Samsung,Samsung Galaxy A24,2022,43319,12,128,5000,90,200,Dimensity 920,1,4.13,11523,324322,4739,
Xiaomi,Xiaomi 10 Pro,2026,29289,6,64,4000,60,64,Snapdragon 7 Gen 1,0,4.33,10891,987756,2016,
Apple,iPhone 12,2021,38923,8,256,5500,120,48,A16 Bionic,1,4.73,611,462426,1384,
Xiaomi,Xiaomi 13 Pro,2026,30281,4,256,5500,90,50,Snapdragon 8 Gen 2,1,4.84,6030,612058,1682,
Samsung,Samsung Galaxy Z Fold 5,2022,38878,6,128,5500,144,64,Dimensity 8200,1,4.82,13334,994245,3200,
Xiaomi,Xiaomi Redmi Note 13,2020,43998,6,1024,4000,60,64,Dimensity 920,0,3.9,5519,1451482,3129,
Samsung,Samsung Galaxy S21,2026,31003,8,64,5000,120,48,Snapdragon 7 Gen 1,1,3.81,6620,1338008,1120,
Xiaomi,Xiaomi 12 Pro,2020,47245,12,512,4500,60,64,Snapdragon 7 Gen 1,0,4.57,7461,926805,3333,
Xiaomi,Xiaomi 11 Pro,2020,31468,6,512,5500,60,50,Snapdragon 7 Gen 1,0,3.82,8910,876200,1621,
Xiaomi,Xiaomi Redmi Note 13,2026,30715,4,512,4000,60,50,Snapdragon 8 Gen 2,0,3.53,13647,1254385,1770,
Apple,iPhone 14 Pro Max,2023,32545,4,128,5000,120,50,Dimensity 8200,1,4.14,1471,296097,2898,
Xiaomi,Xiaomi 12 Pro,2025,38504,8,128,5000,120,108,Dimensity 920,1,4.22,4177,725845,3546,
Apple,iPhone 15 Pro,2024,41088,6,512,5500,120,48,Snapdragon 8 Gen 1,0,4.22,11957,261374,3285,
Apple,iPhone 13,2020,43364,6,512,4000,144,48,A16 Bionic,0,4.24,13796,1120472,3435,
Apple,iPhone 13 Pro Max,2021,64554,16,1024,4500,60,200,Snapdragon 8 Gen 1,1,4.74,13590,928230,3005,
Xiaomi,Xiaomi 11 Pro,2025,59712,16,512,4000,144,48,Snapdragon 8 Gen 2,0,3.63,5781,804035,2373,
Xiaomi,Xiaomi 13 Pro,2026,43929,12,512,5000,60,50,Snapdragon 8 Gen 1,0,4.61,6209,311157,2902,
Apple,iPhone 12 Pro,2022,56036,16,128,5000,144,200,Dimensity 8200,0,4.39,10976,730369,3289,
Apple,iPhone 13 Pro Max,2024,39070,12,256,5500,90,64,Dimensity 920,0,4.51,3636,707437,3344,
Apple,iPhone 13 Pro Max,2024,53383,6,1024,5500,144,108,Dimensity 8200,0,4.73,9945,1447287,3501,
Samsung,Samsung Galaxy A74,2023,48479,8,512,5500,90,200,Dimensity 8200,1,4.88,3863,1212885,4281,
Samsung,Samsung Galaxy S22,2023,37658,8,64,5500,144,108,Dimensity 8200,0,4.7,14785,581035,3077,
Apple,iPhone 12,2021,33699,4,512,5500,90,50,Dimensity 920,0,4.75,9887,844892,1165,
Xiaomi,Xiaomi Redmi Note 10,2024,61446,16,1024,4000,60,108,Dimensity 8200,1,4.42,14314,730711,3739,
Apple,iPhone 14 Pro,2020,26925,4,256,5500,90,64,Dimensity 8200,0,3.91,14834,324045,4232,
Apple,iPhone 12,2020,50066,16,256,4500,144,64,A16 Bionic,0,3.63,1816,654544,4919,
Apple,iPhone 13 Pro Max,2024,24766,6,128,4000,60,48,Dimensity 920,1,4.57,14023,1026322,2288,
Samsung,Samsung Galaxy A14,2023,33350,6,256,4500,120,64,Exynos 2200,1,4.78,7442,1265393,4542,
Samsung,Samsung Galaxy A14,2020,55514,16,256,5000,144,64,Snapdragon 7 Gen 1,1,3.99,7304,1193233,2875,
Apple,iPhone 11 Pro Max,2023,45766,4,512,5500,120,200,Dimensity 920,0,3.92,10416,1167883,4356,
Samsung,Samsung Galaxy S24,2024,62805,8,1024,5500,144,200,Dimensity 920,1,4.87,5089,1088555,1930,
Apple,iPhone 15 Pro,2026,59657,16,512,5500,144,64,A16 Bionic,1,3.66,14052,460088,2085,
Samsung,Samsung Galaxy A74,2020,29235,4,128,5500,90,48,Dimensity 920,0,3.75,5967,1183244,2770,
Xiaomi,Xiaomi Redmi Note 12,2020,59722,12,1024,5000,90,48,Snapdragon 8 Gen 1,1,4.23,4461,836421,4986,
Xiaomi,Xiaomi 11 Pro,2026,42343,16,64,5500,60,50,Snapdragon 8 Gen 1,1,4.54,6461,1078580,1534,
Xiaomi,Xiaomi Redmi Note 12,2025,36850,8,64,5000,120,64,A16 Bionic,1,4.59,13177,554005,4563,
Xiaomi,Xiaomi 13 Pro,2025,46034,8,128,4500,120,200,Snapdragon 8 Gen 2,0,4.48,2700,635288,2041,
Xiaomi,Xiaomi 12 Pro,2025,45615,12,64,5500,90,200,Snapdragon 8 Gen 2,1,3.9,4047,1389179,3042,
Xiaomi,Xiaomi 10 Pro,2022,28592,8,128,4500,60,48,Snapdragon 8 Gen 2,1,4.12,10872,1066084,3420,
Samsung,Samsung Galaxy A74,2026,22484,4,64,5000,90,48,Dimensity 8200,1,3.69,4438,1345779,3614,
Xiaomi,Xiaomi 11 Pro,2020,39668,8,512,4500,120,48,Dimensity 920,0,3.58,2827,946407,1749,
Xiaomi,Xiaomi Redmi Note 10,2023,32946,6,64,5000,120,108,Snapdragon 8 Gen 1,0,4.35,1616,1095372,1045,
Apple,iPhone 12,2022,41844,16,128,5500,60,64,Exynos 2200,0,4.47,8911,372641,3014,
Apple,iPhone 13,2022,28212,6,64,4000,60,48,Exynos 2200,0,4.81,1117,1359636,2953,
Samsung,Samsung Galaxy S23,2022,46876,4,1024,5500,120,50,A16 Bionic,1,4.03,1583,930591,1990,
Xiaomi,Xiaomi 11 Pro,2025,63049,16,512,5500,144,108,Dimensity 8200,1,4.32,1202,957762,2180,
Xiaomi,Xiaomi Redmi Note 11,2025,47892,12,256,4000,144,64,Snapdragon 8 Gen 1,1,4.29,6966,1395572,1644,
Xiaomi,Xiaomi Redmi Note 10,2026,23461,4,64,4000,60,64,Exynos 2200,1,3.83,750,624427,2386,
Apple,iPhone 12 Pro,2025,38149,8,128,4000,144,64,Dimensity 8200,1,4.47,2012,788024,2893,
Xiaomi,Xiaomi 12 Pro,2026,31851,4,128,5500,144,108,Dimensity 8200,1,3.87,5714,509205,3852,
Apple,iPhone 13 Pro,2021,34030,4,512,5500,120,50,Dimensity 920,1,4.65,13034,400449,2892,
Xiaomi,Xiaomi 13 Pro,2025,45151,12,64,5500,144,50,Dimensity 920,1,4.82,4821,256494,3678,
Xiaomi,Xiaomi Redmi Note 11,2025,47307,6,512,5500,90,200,Snapdragon 7 Gen 1,1,3.81,5731,653019,3774,
Apple,iPhone 11 Pro Max,2023,53709,16,512,4500,90,108,Dimensity 920,0,3.53,5341,1434963,1648,
Xiaomi,Xiaomi 13 Pro,2022,36182,8,512,5000,60,108,Snapdragon 7 Gen 1,0,3.7,8721,1323846,4476,
Apple,iPhone 15,2022,65558,16,1024,4000,90,200,Snapdragon 7 Gen 1,0,3.84,10911,435767,3403,
Samsung,Samsung Galaxy Z Fold 3,2025,61484,12,1024,4500,144,64,Snapdragon 8 Gen 2,0,4.17,12907,1346460,1381,
Samsung,Samsung Galaxy A14,2023,64117,16,1024,5000,144,64,Snapdragon 8 Gen 2,0,3.77,7094,837752,2156,
Samsung,Samsung Galaxy A34,2025,67430,12,1024,4500,144,200,Snapdragon 7 Gen 1,1,4.6,14046,256637,982,
Apple,iPhone 11 Pro Max,2021,35054,4,256,4500,144,64,Dimensity 8200,0,4,1006,1434450,1113,
Xiaomi,Xiaomi 10 Pro,2020,26835,4,512,5000,60,48,Snapdragon 7 Gen 1,0,4.78,3353,1279824,3813,
Apple,iPhone 14 Pro,2020,29138,8,64,4000,60,64,Snapdragon 7 Gen 1,0,4.23,7110,544097,1768,
Apple,iPhone 14 Pro,2024,37281,12,256,5500,60,108,Dimensity 8200,1,3.61,9125,1467045,3175,
Xiaomi,Xiaomi Redmi Note 13,2021,21891,4,64,4000,60,64,Exynos 2200,1,3.77,1378,377227,4552,
Samsung,Samsung Galaxy Z Fold 3,2025,54584,16,64,5500,144,200,A16 Bionic,0,3.96,1474,1012034,2395,
Apple,iPhone 14 Pro Max,2026,77643,16,1024,5000,144,200,A16 Bionic,1,4.23,12564,605283,3246,
Apple,iPhone 13 Pro Max,2022,48449,16,128,5000,120,64,Snapdragon 8 Gen 2,1,3.77,5478,1463761,1140,
Xiaomi,Xiaomi 12 Pro,2024,30716,6,512,5500,60,50,Snapdragon 8 Gen 1,0,3.64,10092,962095,2780,
Apple,iPhone 12 Pro Max,2020,45929,16,256,5500,120,48,Snapdragon 8 Gen 1,0,4.1,7108,1183852,3831,
Xiaomi,Xiaomi 11 Pro,2023,68182,16,1024,5000,144,108,Snapdragon 8 Gen 1,0,3.83,887,1371314,1288,
Samsung,Samsung Galaxy S23,2026,74894,16,1024,4000,120,200,A16 Bionic,1,4.6,54,440104,3824,
Xiaomi,Xiaomi 10 Pro,2025,38665,8,64,5000,90,200,A16 Bionic,1,4.12,12229,559047,2665,
Samsung,Samsung Galaxy S24,2025,40812,16,128,5500,60,108,Snapdragon 7 Gen 1,0,4.32,3979,294166,2197,
Xiaomi,Xiaomi 13 Pro,2025,40334,16,128,5000,90,48,Snapdragon 7 Gen 1,1,4.43,8342,604134,1321,
Samsung,Samsung Galaxy S23,2020,50703,8,1024,5000,60,50,Dimensity 8200,0,3.82,11050,1131120,4369,
Apple,iPhone 13 Pro,2022,42890,4,1024,5000,60,50,Snapdragon 8 Gen 2,1,4.74,5466,1218622,2938,
Apple,iPhone 14,2025,44618,16,128,5000,90,50,Exynos 2200,1,4.51,8308,1062647,3053,
Apple,iPhone 15 Pro Max,2025,52083,12,64,4500,144,200,Snapdragon 8 Gen 2,1,3.58,12229,344189,4087,
Apple,iPhone 14 Pro,2023,40222,12,256,5000,120,48,Exynos 2200,0,4.6,7365,345790,814,
Samsung,Samsung Galaxy S23,2023,32937,12,64,5500,60,50,Snapdragon 8 Gen 1,1,4.45,5188,412217,1974,
Samsung,Samsung Galaxy S21,2023,27548,4,512,5000,60,64,Exynos 2200,0,4.46,2991,1495598,4963,
Samsung,Samsung Galaxy Z Fold 4,2025,53602,6,1024,4000,144,50,Exynos 2200,1,4.68,10952,1315228,4631,
Xiaomi,Xiaomi Redmi Note 11,2026,60394,12,1024,5000,144,64,Dimensity 8200,0,3.92,11455,1310798,1341,
Xiaomi,Xiaomi Redmi Note 9,2024,41983,12,128,4000,90,50,Snapdragon 7 Gen 1,0,4.04,8258,996265,1028,
Xiaomi,Xiaomi 12 Pro,2023,37271,8,128,4000,60,200,Exynos 2200,1,3.8,12037,735056,1622,
Apple,iPhone 12 Pro,2026,45266,12,512,4500,60,48,Exynos 2200,0,4.62,7332,297515,1608,
Apple,iPhone 13 Pro Max,2022,25707,4,256,5500,60,48,Dimensity 920,1,3.8,4665,1016478,1308,
Apple,iPhone 14 Pro Max,2021,64233,12,1024,5500,60,200,Dimensity 8200,1,4.68,11864,1361982,4003,
Samsung,Samsung Galaxy S21,2025,35245,8,256,4000,60,64,Snapdragon 7 Gen 1,0,3.77,14267,262402,3843,
Xiaomi,Xiaomi Redmi Note 11,2026,58325,16,256,5000,144,108,Dimensity 920,1,4.22,14496,393028,1596,
Xiaomi,Xiaomi 10 Pro,2025,36177,12,64,5500,90,64,Snapdragon 7 Gen 1,1,3.68,673,281334,910,
Xiaomi,Xiaomi Redmi Note 12,2023,22792,4,64,5000,90,50,Dimensity 8200,1,4.8,10939,1107965,2025,
Xiaomi,Xiaomi Redmi Note 11,2025,40534,16,128,5500,60,50,Snapdragon 8 Gen 1,0,3.66,6739,1371415,1703,
Apple,iPhone 12 Pro Max,2026,51011,4,1024,4500,120,64,Exynos 2200,1,4.15,7695,1162951,2820,
Samsung,Samsung Galaxy S22,2025,50590,6,512,4000,144,200,Snapdragon 8 Gen 1,1,4.43,6190,1486572,1915,
Samsung,Samsung Galaxy A34,2020,43246,12,256,5000,90,108,A16 Bionic,0,4.4,2696,466018,2832,
Apple,iPhone 11 Pro,2025,38846,6,512,5000,60,108,Exynos 2200,1,4.71,9622,914327,3272,
Apple,iPhone 13 Pro Max,2025,51615,8,1024,5000,60,200,Dimensity 920,0,4.27,12392,989692,3599,
Xiaomi,Xiaomi 13 Pro,2021,46955,16,64,4500,90,200,Snapdragon 8 Gen 2,0,4.21,12196,1080296,4444,
Xiaomi,Xiaomi Redmi Note 11,2026,42699,16,128,5500,90,48,Snapdragon 8 Gen 1,1,4.63,1737,1307111,1994,
Samsung,Samsung Galaxy S24,2022,30891,4,64,5500,90,200,Exynos 2200,1,3.81,7851,807989,4893,
Samsung,Samsung Galaxy A14,2025,37914,8,64,5000,120,108,Snapdragon 8 Gen 2,0,3.95,12243,436953,2674,
Xiaomi,Xiaomi Redmi Note 11,2024,36323,12,64,4500,90,108,Dimensity 920,0,4.67,9115,850748,2012,
Samsung,Samsung Galaxy Z Fold 4,2025,63116,12,1024,4000,120,64,Snapdragon 8 Gen 1,1,4.14,9735,587582,4484,
Apple,iPhone 12 Pro,2021,50872,12,512,4000,144,48,Snapdragon 8 Gen 1,0,4.49,13352,1447583,2355,
Samsung,Samsung Galaxy S22,2020,38406,8,64,4000,120,200,Snapdragon 8 Gen 2,0,4.58,167,1488770,1704,
Apple,iPhone 13 Pro Max,2024,29824,6,64,5500,120,50,Dimensity 8200,1,4.68,13282,1271323,1668,
Apple,iPhone 12 Pro,2026,51894,8,1024,5500,120,64,Snapdragon 7 Gen 1,0,4.81,6903,624633,892,
Xiaomi,Xiaomi 13 Pro,2022,52421,16,256,4000,144,48,Snapdragon 8 Gen 2,0,4.56,7397,543258,1940,
Samsung,Samsung Galaxy S23,2021,37043,4,128,5000,90,200,Dimensity 8200,1,4.44,11032,1357440,2935,
Apple,iPhone 13 Pro Max,2024,31350,6,256,5000,120,48,A16 Bionic,1,3.81,5128,1267798,3660,
Xiaomi,Xiaomi 10 Pro,2022,36927,12,256,5000,90,48,Snapdragon 8 Gen 1,1,4.46,12854,428818,2387,
Apple,iPhone 12,2021,24759,6,128,4500,60,64,Snapdragon 8 Gen 2,1,4.2,4978,1127971,4201,
Apple,iPhone 15 Pro Max,2022,30671,6,256,5000,60,108,Dimensity 920,0,4.49,2480,269347,3941,
Samsung,Samsung Galaxy A14,2023,40474,16,128,4500,60,64,A16 Bionic,1,3.84,6904,1277231,2943,
Samsung,Samsung Galaxy A74,2024,38143,6,128,4500,144,50,Snapdragon 8 Gen 1,0,4.41,8286,255424,2194,
Apple,iPhone 12 Pro,2021,22895,4,64,4000,90,50,Dimensity 920,1,3.78,6999,1269825,3626,
Samsung,Samsung Galaxy S20,2022,36380,4,256,5000,60,200,Snapdragon 8 Gen 1,1,3.58,3496,810167,2811,
Samsung,Samsung Galaxy S23,2023,40421,12,256,4000,120,48,Snapdragon 7 Gen 1,1,3.99,4979,1220914,4505,
Apple,iPhone 13,2023,28490,4,64,4000,90,50,Snapdragon 8 Gen 1,0,4.59,3125,661490,3977,
Samsung,Samsung Galaxy S20,2025,33546,6,128,5500,144,108,Snapdragon 8 Gen 2,1,4.46,11259,1366157,1954,
Apple,iPhone 12,2022,34664,4,128,5000,120,108,Exynos 2200,1,3.56,2140,1300792,4455,
Xiaomi,Xiaomi Redmi Note 11,2026,25766,4,64,4500,60,50,Snapdragon 7 Gen 1,0,3.81,13614,881878,1580,
Apple,iPhone 13,2020,37657,6,256,4500,90,108,Dimensity 920,1,4.5,2753,1248845,1701,
Apple,iPhone 12 Pro,2025,57519,8,1024,5500,144,108,Dimensity 920,1,3.86,12182,674588,3169,
Apple,iPhone 13 Pro,2022,40992,4,1024,5000,60,108,Exynos 2200,0,3.66,6656,889697,2139,
Apple,iPhone 15,2025,38380,12,64,5500,144,48,Dimensity 920,1,4.81,2280,967096,4658,
Apple,iPhone 13,2023,35723,6,256,5500,144,64,Snapdragon 7 Gen 1,1,4.32,129,721656,1085,
Apple,iPhone 12 Pro,2023,53979,6,1024,5000,144,108,Dimensity 920,0,4,9456,911443,1076,
Xiaomi,Xiaomi Redmi Note 13,2026,42293,8,256,5000,120,64,Dimensity 920,1,4.11,6858,1122950,2990,
Xiaomi,Xiaomi Redmi Note 12,2020,34147,8,256,5500,60,64,Exynos 2200,1,4.45,13639,1426851,3011,
Samsung,Samsung Galaxy A54,2026,53886,12,256,4000,120,200,A16 Bionic,1,3.76,11290,1137299,4768,
Xiaomi,Xiaomi Redmi Note 11,2021,47227,16,128,4000,90,48,Dimensity 920,0,4.54,4954,620121,1807,
Xiaomi,Xiaomi Redmi Note 9,2022,57291,16,1024,5000,60,50,Snapdragon 8 Gen 2,1,3.7,3203,1017007,1659,
Samsung,Samsung Galaxy Z Fold 3,2026,48859,4,1024,4000,60,200,Snapdragon 8 Gen 2,0,3.62,13159,853200,4405,
Samsung,Samsung Galaxy A24,2025,31701,8,256,5000,90,64,Dimensity 8200,1,3.98,8425,347994,2493,
Apple,iPhone 12,2026,35960,8,64,5500,144,64,Dimensity 8200,1,3.91,3130,268111,4336,
Xiaomi,Xiaomi Redmi Note 9,2023,44488,12,512,4000,90,48,A16 Bionic,0,4.31,5224,1216143,1191,
Samsung,Samsung Galaxy A14,2025,41580,4,1024,4000,90,64,Dimensity 920,0,4.33,11363,627770,2476,
Xiaomi,Xiaomi 10 Pro,2020,36434,16,64,4000,60,50,Snapdragon 8 Gen 1,1,3.63,7361,593461,3480,
Samsung,Samsung Galaxy Z Fold 5,2021,52003,12,1024,4000,90,48,Exynos 2200,1,4.76,14764,595466,2410,
Samsung,Samsung Galaxy A54,2021,26160,8,128,4500,60,50,Dimensity 920,1,4.31,6768,1005449,3190,
Samsung,Samsung Galaxy Z Fold 3,2023,58018,12,1024,5000,60,108,A16 Bionic,1,4.56,1984,576452,1224,
Samsung,Samsung Galaxy A54,2022,34308,6,64,4500,120,50,Snapdragon 7 Gen 1,0,4.8,14277,939303,2649,
Samsung,Samsung Galaxy S24,2025,53379,16,512,5500,144,50,Snapdragon 8 Gen 1,1,4.39,5836,600971,1443,
Xiaomi,Xiaomi Redmi Note 12,2024,47133,4,1024,5000,60,200,Snapdragon 7 Gen 1,1,4.41,10179,584162,1218,
Samsung,Samsung Galaxy S20,2021,38949,6,256,4500,144,50,Dimensity 8200,0,3.86,11541,1354641,1712,
Apple,iPhone 11 Pro Max,2025,50802,16,128,4500,90,108,Exynos 2200,1,3.57,1891,734028,3650,
Xiaomi,Xiaomi 12 Pro,2024,29896,6,128,4500,90,108,Exynos 2200,1,4.75,14342,694398,1931,
Samsung,Samsung Galaxy A34,2022,41985,12,64,4500,120,64,A16 Bionic,1,4.05,5102,1289743,3131,
Apple,iPhone 14,2020,38668,8,64,5500,144,64,Snapdragon 8 Gen 1,1,3.7,4480,1217102,2626,
Samsung,Samsung Galaxy A34,2026,31683,6,128,5000,90,48,Exynos 2200,1,4.76,8273,792650,3324,
Samsung,Samsung Galaxy S22,2021,46596,12,256,4500,120,64,A16 Bionic,1,4.87,4917,728328,2243,
Samsung,Samsung Galaxy S23,2025,45901,16,256,4500,120,48,Dimensity 920,0,4.88,11221,1482038,3020,
Samsung,Samsung Galaxy S23,2022,49956,16,256,5500,120,108,A16 Bionic,1,4.43,3714,1150966,1955,
Xiaomi,Xiaomi Redmi Note 10,2026,40066,12,128,5500,144,48,Dimensity 8200,0,4.15,2964,1020612,1250,
Xiaomi,Xiaomi Redmi Note 10,2026,54481,16,256,4000,120,200,Snapdragon 7 Gen 1,0,3.52,13250,1291850,1609,
Xiaomi,Xiaomi Redmi Note 9,2026,53864,8,1024,4500,90,200,Dimensity 8200,1,4.41,11354,418087,2198,
Apple,iPhone 12,2020,39161,8,512,4500,60,64,Snapdragon 7 Gen 1,1,4.04,3777,742764,1420,
Apple,iPhone 12 Pro Max,2026,30124,4,64,5000,144,108,Dimensity 8200,1,3.89,746,1468831,830,
Apple,iPhone 14,2024,31558,12,64,4500,60,50,Dimensity 8200,0,4.17,185,530117,1636,
Samsung,Samsung Galaxy S23,2026,44913,12,128,5500,120,48,A16 Bionic,1,3.95,7500,427239,2437,
Samsung,Samsung Galaxy A74,2020,45746,16,128,4500,60,200,Exynos 2200,0,4.18,5929,449976,4947,
Apple,iPhone 15,2020,49631,16,128,5500,90,200,Exynos 2200,0,4.14,5361,1322289,2533,
Samsung,Samsung Galaxy S20,2026,43385,12,128,5500,144,64,Exynos 2200,0,3.88,3404,906257,1562,
Apple,iPhone 14 Pro,2024,46826,12,512,5000,90,48,Snapdragon 8 Gen 2,1,4.55,3716,368714,4845,
Apple,iPhone 14 Pro,2022,32511,6,512,5500,60,64,Dimensity 8200,0,4.81,5715,1499279,2551,
Apple,iPhone 15 Pro Max,2022,64429,16,1024,5000,90,48,Exynos 2200,0,4.75,14413,1426149,2161,
Apple,iPhone 15 Pro,2024,45348,16,64,5000,60,200,Snapdragon 8 Gen 1,1,4.86,2810,1355609,2353,
Apple,iPhone 12 Pro,2023,41249,8,128,5000,144,50,Dimensity 920,0,4.53,9973,251845,803,
Xiaomi,Xiaomi 10 Pro,2020,30693,4,128,5000,144,108,Exynos 2200,0,4.7,1337,777833,927,
Xiaomi,Xiaomi Redmi Note 12,2020,28188,4,128,5000,60,200,Snapdragon 7 Gen 1,0,4.66,14514,543906,1753,
Xiaomi,Xiaomi Redmi Note 10,2020,32111,6,64,4500,90,64,Exynos 2200,0,4.81,12306,696456,1149,
Samsung,Samsung Galaxy A34,2022,29853,6,256,5500,90,50,Dimensity 920,1,4.36,5707,1193791,2482,
Apple,iPhone 14 Pro,2022,32972,8,512,5500,60,48,Snapdragon 8 Gen 2,0,3.96,10514,1419850,1901,
Samsung,Samsung Galaxy Z Fold 3,2022,50824,16,128,4000,90,200,Dimensity 8200,0,4.78,4403,756095,3462,
Samsung,Samsung Galaxy S20,2021,41371,12,256,5500,90,50,Dimensity 920,0,3.86,6061,931490,3513,
Samsung,Samsung Galaxy A24,2024,62255,16,512,4000,90,200,Snapdragon 7 Gen 1,0,4.67,2533,704106,3159,
Apple,iPhone 13 Pro,2026,46825,12,256,5000,90,108,Dimensity 920,1,4.27,8186,575331,4747,
Apple,iPhone 15 Pro Max,2023,64260,16,1024,4000,144,50,Snapdragon 8 Gen 2,1,4.66,4732,454216,2579,
Apple,iPhone 13 Pro Max,2024,52194,12,512,4000,120,50,Dimensity 920,1,4.3,5209,702939,1115,
Samsung,Samsung Galaxy S23,2021,50957,12,256,4500,144,108,Exynos 2200,1,4.02,2686,1435750,1641,
Xiaomi,Xiaomi Redmi Note 13,2020,47599,4,1024,5500,120,50,Snapdragon 8 Gen 1,0,3.52,10915,808829,3313,
Xiaomi,Xiaomi 13 Pro,2024,42041,6,512,4500,144,48,Snapdragon 8 Gen 2,0,3.79,12457,1234128,4312,
Xiaomi,Xiaomi 10 Pro,2021,36691,8,512,4000,90,64,Snapdragon 7 Gen 1,0,4.46,7855,652053,2244,
Samsung,Samsung Galaxy A14,2023,40426,8,128,4000,120,108,Snapdragon 8 Gen 2,0,3.94,2732,826535,4304,
Samsung,Samsung Galaxy A74,2025,41209,8,128,5500,144,108,Dimensity 920,0,3.78,6739,765175,1442,
Xiaomi,Xiaomi Redmi Note 12,2022,35052,12,128,5500,90,64,A16 Bionic,0,4.77,108,418311,1189,
Apple,iPhone 15 Pro Max,2026,33828,4,512,4500,120,64,Snapdragon 8 Gen 1,1,4.19,10223,515333,3140,
Xiaomi,Xiaomi Redmi Note 9,2020,46435,16,128,4500,144,50,A16 Bionic,0,4.77,9671,1248877,2307,
Apple,iPhone 12 Pro,2023,39493,8,512,4500,60,48,Snapdragon 8 Gen 1,1,4.9,13770,1407163,1812,
Samsung,Samsung Galaxy A34,2025,37982,6,128,4500,120,200,Exynos 2200,0,3.92,11425,698838,2926,
Xiaomi,Xiaomi 12 Pro,2020,67218,12,1024,4000,144,200,Dimensity 8200,1,4.71,2618,503886,2399,
Samsung,Samsung Galaxy A74,2021,46283,6,1024,4500,60,50,Snapdragon 8 Gen 1,1,4.27,12475,1479964,1875,
Samsung,Samsung Galaxy A54,2021,33221,8,128,4000,120,48,A16 Bionic,1,4.76,10250,307689,2460,
Samsung,Samsung Galaxy A24,2022,44835,8,64,4000,144,200,Dimensity 8200,0,4.17,1502,1193426,2108,
Apple,iPhone 12,2026,54405,12,256,4000,144,200,Dimensity 8200,0,4.17,537,517250,1104,
Xiaomi,Xiaomi 11 Pro,2022,57144,16,512,5500,144,108,Exynos 2200,0,3.81,2508,1232234,1420,
Xiaomi,Xiaomi 12 Pro,2024,62808,16,512,4000,144,200,Exynos 2200,0,3.77,14905,907697,2932,
Samsung,Samsung Galaxy S21,2023,29757,6,64,5000,60,200,A16 Bionic,0,4.33,9466,1424722,1333,
Apple,iPhone 14 Pro Max,2020,52670,8,1024,4500,144,48,Dimensity 8200,1,3.5,14554,575061,1585,
Xiaomi,Xiaomi 13 Pro,2021,22153,4,128,4500,60,48,Exynos 2200,0,4.1,10206,393178,3832,
Apple,iPhone 13 Pro Max,2026,44848,12,128,4500,90,200,Snapdragon 8 Gen 1,1,4.15,14489,1418066,3558,
Xiaomi,Xiaomi 11 Pro,2020,56871,12,1024,5000,60,200,Snapdragon 8 Gen 1,1,3.77,14831,847911,1038,
Apple,iPhone 14 Pro,2024,22440,6,128,5000,60,50,Snapdragon 8 Gen 2,0,3.86,14354,1175391,4431,
Xiaomi,Xiaomi Redmi Note 9,2026,27562,4,64,4500,120,108,Snapdragon 8 Gen 1,0,4.59,13161,980470,827,
Apple,iPhone 15,2020,36330,12,64,4000,60,50,A16 Bionic,0,4.11,9152,492615,2446,
Apple,iPhone 14,2020,48754,16,128,5000,120,64,Dimensity 8200,0,4.66,3642,918432,3067,
Samsung,Samsung Galaxy A24,2021,61411,16,1024,4000,60,64,Dimensity 8200,1,4.85,6270,338107,3672,
Apple,iPhone 15,2025,36705,4,512,5000,144,48,Snapdragon 8 Gen 2,1,4.17,14564,1176170,3877,
Samsung,Samsung Galaxy Z Fold 3,2021,36796,4,512,4500,120,50,Dimensity 8200,0,3.91,6700,1176531,1143,
Apple,iPhone 12 Pro Max,2023,33773,6,128,4500,120,108,Dimensity 8200,0,3.96,13723,1444675,2283,
Xiaomi,Xiaomi 12 Pro,2020,35431,8,64,5000,120,48,Exynos 2200,0,4.61,4547,1177591,1210,
Apple,iPhone 14 Pro,2022,65422,16,1024,4500,144,64,A16 Bionic,0,4.01,1900,943509,1628,
Samsung,Samsung Galaxy Z Fold 5,2025,47417,16,128,5500,60,200,Snapdragon 8 Gen 1,1,3.77,3094,1433347,4401,
Samsung,Samsung Galaxy Z Fold 3,2020,38468,12,256,4500,90,48,Dimensity 8200,0,4.62,4760,754297,3714,
Xiaomi,Xiaomi Redmi Note 10,2020,43781,4,1024,4000,90,48,Snapdragon 8 Gen 2,0,3.98,4020,925070,1963,
Apple,iPhone 11,2020,67446,12,1024,5500,120,200,Snapdragon 8 Gen 1,0,3.6,12521,1030944,895,
Xiaomi,Xiaomi 10 Pro,2024,30633,6,256,4500,90,50,A16 Bionic,0,4.33,6460,1001352,4767,
Samsung,Samsung Galaxy Z Fold 3,2024,33109,4,256,4500,90,64,Dimensity 8200,0,4.08,4026,1494697,2176,
Xiaomi,Xiaomi 12 Pro,2023,47987,12,512,5000,90,48,Snapdragon 8 Gen 1,1,4.1,7988,1113573,1968,
Apple,iPhone 15 Pro,2024,36490,8,256,5500,90,50,Snapdragon 8 Gen 1,1,4.23,5383,1023864,2067,
Samsung,Samsung Galaxy S22,2022,43555,12,512,5500,60,64,Snapdragon 8 Gen 2,0,3.56,6309,1330540,3339,
Apple,iPhone 14 Pro Max,2020,41266,12,64,5500,144,64,Exynos 2200,1,3.92,4270,820710,3786,
Samsung,Samsung Galaxy S22,2026,34713,12,128,5500,90,50,Snapdragon 8 Gen 1,1,4.55,1117,1177207,3208,
Samsung,Samsung Galaxy A34,2022,53448,16,256,5000,144,48,Dimensity 920,1,4.2,1973,868596,1379,
Xiaomi,Xiaomi 13 Pro,2025,47126,12,256,5000,120,200,Exynos 2200,1,4.68,14603,1138909,1044,
Samsung,Samsung Galaxy Z Fold 5,2023,38913,6,256,4500,90,200,Snapdragon 7 Gen 1,1,4.6,8880,1009445,2101,
Samsung,Samsung Galaxy A34,2025,31146,4,128,5500,120,64,Snapdragon 8 Gen 1,1,3.54,12367,702512,4827,
Xiaomi,Xiaomi 12 Pro,2022,46256,6,1024,4000,60,64,Dimensity 920,1,3.82,10766,1024284,1586,
Samsung,Samsung Galaxy Z Fold 4,2026,32003,8,128,4000,120,64,Dimensity 8200,0,4.45,2666,434795,3882,
Xiaomi,Xiaomi Redmi Note 11,2026,31017,4,256,5500,90,108,Dimensity 920,1,3.82,7849,1342509,1304,
Xiaomi,Xiaomi Redmi Note 10,2022,58415,4,1024,5000,144,200,Snapdragon 8 Gen 1,0,4.41,4634,484694,4341,
Samsung,Samsung Galaxy Z Fold 5,2026,39318,6,512,5500,120,50,Dimensity 920,1,4.67,6613,987864,1538,
Apple,iPhone 13,2022,50451,16,256,4500,120,64,A16 Bionic,1,3.84,13520,630982,4279,
Apple,iPhone 15 Pro Max,2023,41053,4,1024,5500,60,50,Snapdragon 8 Gen 1,0,3.88,13533,776980,2018,
Xiaomi,Xiaomi 13 Pro,2025,45055,8,128,4000,120,200,Snapdragon 7 Gen 1,0,3.93,6081,435649,1447,
Samsung,Samsung Galaxy A74,2024,55280,16,128,4000,120,200,Dimensity 920,1,4.31,14809,480734,2917,
Xiaomi,Xiaomi Redmi Note 9,2020,34841,8,128,4000,120,50,Exynos 2200,0,3.73,2982,1483044,2591,
Apple,iPhone 11 Pro Max,2021,35211,6,64,4500,120,108,Snapdragon 8 Gen 2,0,4.03,4658,1439471,3767,
Samsung,Samsung Galaxy A74,2021,31972,6,256,4000,120,48,Snapdragon 8 Gen 2,1,3.7,13806,522204,2199,
Apple,iPhone 14,2021,62363,12,512,4000,144,200,Dimensity 8200,1,3.54,5183,795995,1928,
Xiaomi,Xiaomi 12 Pro,2021,43544,8,256,5500,144,200,Exynos 2200,1,4.59,496,495489,3835,
Apple,iPhone 13 Pro Max,2022,31916,6,512,4000,60,64,A16 Bionic,0,3.73,11354,284760,1721,
Xiaomi,Xiaomi 12 Pro,2022,41255,8,128,4500,144,50,Snapdragon 8 Gen 1,1,4.74,11324,1410828,3409,
Samsung,Samsung Galaxy S24,2025,37022,12,64,4000,90,48,Snapdragon 8 Gen 2,1,4.4,6502,1031263,951,
Samsung,Samsung Galaxy S21,2026,30263,6,128,5500,90,50,Snapdragon 7 Gen 1,1,4.18,7149,711219,4469,
Samsung,Samsung Galaxy A34,2026,41374,8,64,4000,90,200,A16 Bionic,1,4.55,3332,1178840,4102,
Samsung,Samsung Galaxy Z Fold 3,2026,31384,4,64,4500,144,48,Dimensity 8200,1,4.89,11653,419458,4514,
Samsung,Samsung Galaxy A34,2026,38614,8,128,4500,120,64,Snapdragon 8 Gen 2,0,4.03,13121,795405,2047,
Samsung,Samsung Galaxy S20,2026,34412,4,128,5500,90,200,Snapdragon 8 Gen 2,1,4.49,11952,1113958,2451,
Samsung,Samsung Galaxy Z Fold 5,2020,43846,12,64,5500,120,64,Snapdragon 8 Gen 2,1,4.81,262,890189,3990,
Apple,iPhone 15,2023,44491,6,512,5500,144,50,A16 Bionic,0,4.05,7046,1015493,4833,
Xiaomi,Xiaomi 11 Pro,2025,34225,6,256,4000,90,48,Snapdragon 8 Gen 1,1,3.63,11509,972489,2104,
Apple,iPhone 13 Pro Max,2024,28204,8,128,5000,90,48,Dimensity 920,1,4.79,8295,879765,2568,
Xiaomi,Xiaomi 13 Pro,2022,28026,4,128,4500,144,50,Exynos 2200,0,4.27,12113,1060381,4427,
Samsung,Samsung Galaxy A74,2025,31161,8,64,4000,60,48,Dimensity 920,0,4.25,1791,658130,2870,
Samsung,Samsung Galaxy Z Fold 4,2021,60350,16,1024,4500,90,64,A16 Bionic,0,3.6,4689,1012699,1111,
Samsung,Samsung Galaxy S21,2023,62632,16,1024,4500,60,64,Snapdragon 8 Gen 2,1,4.47,11339,347544,3184,
Samsung,Samsung Galaxy A54,2025,37837,8,256,4000,90,48,Dimensity 920,1,4.21,5283,853615,1831,
Xiaomi,Xiaomi Redmi Note 13,2020,44939,12,128,4500,120,200,Dimensity 8200,0,4.17,8759,902243,4923,
Samsung,Samsung Galaxy A14,2024,42250,12,64,5000,60,200,Exynos 2200,1,4.69,13740,870865,1551,
Samsung,Samsung Galaxy S21,2022,40639,6,256,5500,144,50,Snapdragon 7 Gen 1,1,4.23,8681,418349,3116,
Apple,iPhone 13 Pro Max,2025,52840,8,512,5500,144,200,Dimensity 920,1,4.79,1311,413251,3488,
Apple,iPhone 14,2020,37524,6,512,5000,120,50,Snapdragon 8 Gen 1,1,4.53,4997,529033,2756,
Samsung,Samsung Galaxy S20,2021,34375,6,128,4500,144,108,Dimensity 920,1,3.65,8678,1475254,4642,
Apple,iPhone 12,2025,32692,4,256,4000,120,64,Snapdragon 7 Gen 1,1,3.83,2850,488477,3720,
Samsung,Samsung Galaxy Z Fold 4,2020,41646,16,128,4000,60,48,Dimensity 920,0,3.78,2415,1356148,3539,
Samsung,Samsung Galaxy S20,2024,37453,12,256,5500,90,48,Snapdragon 7 Gen 1,0,3.53,2108,1349951,3611,
Samsung,Samsung Galaxy S20,2026,76277,16,1024,4000,144,200,Snapdragon 8 Gen 2,1,4.34,11277,490483,2425,
Xiaomi,Xiaomi Redmi Note 10,2026,46688,8,512,5500,60,200,Dimensity 920,0,4.33,8759,662858,3518,
Apple,iPhone 13 Pro Max,2023,42014,8,512,4500,120,108,Dimensity 8200,0,4.22,324,613662,1093,
Xiaomi,Xiaomi 12 Pro,2021,45181,16,64,4000,60,200,A16 Bionic,0,4.56,12987,1456496,3306,
Xiaomi,Xiaomi 10 Pro,2021,41910,8,128,4000,120,108,Dimensity 8200,1,4.52,7029,560766,4397,
Samsung,Samsung Galaxy A74,2020,54978,12,1024,5500,60,64,Snapdragon 7 Gen 1,1,4.13,11091,547590,4962,
Samsung,Samsung Galaxy Z Fold 4,2022,39747,8,512,5000,60,48,Exynos 2200,0,3.99,11358,634545,4405,
Samsung,Samsung Galaxy A54,2020,58552,8,1024,5500,144,108,Snapdragon 7 Gen 1,1,3.66,8737,1422455,4042,
Samsung,Samsung Galaxy S21,2026,33677,6,512,4500,90,48,Snapdragon 8 Gen 2,0,3.79,4177,275090,1513,
Samsung,Samsung Galaxy A74,2024,74151,16,1024,4500,144,200,Exynos 2200,1,3.77,6275,1432346,3167,
Xiaomi,Xiaomi 11 Pro,2021,30604,6,128,4500,90,48,A16 Bionic,0,4.33,5440,1223331,865,
Apple,iPhone 14 Pro,2020,39191,4,256,5000,144,108,Snapdragon 8 Gen 2,0,4.78,8126,1198624,3260,
Samsung,Samsung Galaxy Z Fold 5,2022,36843,4,128,4500,120,200,A16 Bionic,0,3.99,6658,1079676,3959,
Samsung,Samsung Galaxy Z Fold 5,2022,42933,12,128,4500,120,108,Dimensity 8200,0,4.4,11575,656820,1230,
Xiaomi,Xiaomi 10 Pro,2024,62429,12,512,4500,144,200,Dimensity 920,1,4.11,1611,788500,4232,
Xiaomi,Xiaomi Redmi Note 13,2026,30009,4,256,5000,60,64,Snapdragon 8 Gen 2,0,3.53,7286,1042306,3625,
Xiaomi,Xiaomi 10 Pro,2021,61199,16,1024,5500,60,50,Dimensity 8200,0,4.62,4283,1138201,3902,
Xiaomi,Xiaomi 11 Pro,2020,31784,6,128,4000,60,108,Dimensity 920,1,4.42,14347,266052,839,
Apple,iPhone 13 Pro Max,2024,43944,12,256,5000,144,64,Dimensity 8200,1,4.39,4220,332366,2834,
Apple,iPhone 11 Pro,2021,35586,12,256,4000,60,50,Dimensity 8200,0,4.44,13875,803858,3326,
Samsung,Samsung Galaxy A54,2021,44098,4,1024,5500,60,64,A16 Bionic,0,4.61,5874,691809,2940,
Xiaomi,Xiaomi 13 Pro,2020,40234,4,128,5000,144,200,A16 Bionic,0,4.87,6736,563684,2094,
Apple,iPhone 11,2022,32247,8,64,4500,120,64,Snapdragon 8 Gen 1,0,4.57,3425,729579,2332,
Apple,iPhone 14 Pro,2026,31817,6,64,5500,120,50,Snapdragon 8 Gen 1,1,4.35,11311,663020,2300,
Apple,iPhone 13,2024,44818,16,64,4000,60,108,A16 Bionic,0,4.08,1727,774475,2715,
Xiaomi,Xiaomi Redmi Note 13,2021,35565,6,64,4000,120,200,Dimensity 920,0,4.78,10042,593810,3267,
Samsung,Samsung Galaxy S20,2024,30577,4,128,5500,90,200,Dimensity 8200,1,4.39,3131,664343,4076,
Xiaomi,Xiaomi Redmi Note 9,2024,28367,6,64,4500,90,50,Snapdragon 8 Gen 2,1,4.16,584,442831,4516,
Xiaomi,Xiaomi 10 Pro,2020,35796,12,64,5500,60,48,Snapdragon 8 Gen 2,0,3.72,3691,889220,4936,
Samsung,Samsung Galaxy S21,2021,59100,12,1024,4000,90,48,Snapdragon 8 Gen 1,0,4.86,10953,668158,1093,
Apple,iPhone 13 Pro Max,2022,60950,12,1024,5000,90,200,Snapdragon 7 Gen 1,1,3.53,11276,907914,2620,
Apple,iPhone 11,2024,55239,16,256,5500,144,64,Exynos 2200,0,3.55,879,684128,1754,
Xiaomi,Xiaomi Redmi Note 13,2022,34678,6,128,4500,90,108,Snapdragon 8 Gen 2,0,4.53,10057,1368732,900,
Samsung,Samsung Galaxy A14,2021,48286,16,256,4500,60,64,Snapdragon 8 Gen 2,0,3.76,14777,299471,1356,
Apple,iPhone 14,2023,39553,8,256,4500,120,48,Snapdragon 8 Gen 1,1,4.48,8720,371921,923,
Xiaomi,Xiaomi Redmi Note 9,2023,37034,8,64,4500,144,108,Snapdragon 7 Gen 1,0,4.09,12255,995025,1249,
Apple,iPhone 14 Pro Max,2021,59216,16,512,4000,120,108,A16 Bionic,0,3.55,7428,918815,4886,
Samsung,Samsung Galaxy S24,2025,50532,12,512,5000,144,50,Snapdragon 8 Gen 2,0,4.85,939,1052281,4046,
Samsung,Samsung Galaxy A34,2021,50663,6,1024,4500,60,200,Snapdragon 8 Gen 2,0,3.99,3191,1471502,1951,
Samsung,Samsung Galaxy A34,2025,43118,8,64,5000,144,200,Dimensity 920,1,4.81,13451,522088,3508,
Apple,iPhone 14 Pro Max,2025,34425,4,256,5500,120,108,Snapdragon 8 Gen 2,1,4.88,5632,784766,2438,
Apple,iPhone 13,2021,28788,4,256,4000,60,50,Snapdragon 7 Gen 1,1,4.68,4232,487167,1940,
Apple,iPhone 14 Pro,2020,35272,4,64,5500,90,200,Snapdragon 8 Gen 2,1,4.44,14907,824293,2678,
Apple,iPhone 15,2022,33113,4,512,4000,120,50,Dimensity 920,0,4.15,819,304103,4658,
Xiaomi,Xiaomi Redmi Note 10,2021,37160,8,128,4500,120,50,Snapdragon 7 Gen 1,1,3.63,13799,429638,1922,
Apple,iPhone 13 Pro,2020,53870,8,1024,4500,90,48,Dimensity 8200,1,4.35,690,987721,1357,
Xiaomi,Xiaomi Redmi Note 9,2025,50988,16,256,5000,144,64,Snapdragon 8 Gen 1,1,4.66,5020,1259420,1396,
Xiaomi,Xiaomi Redmi Note 9,2024,56676,16,256,5500,144,64,Dimensity 920,1,3.87,7549,295685,3756,
Xiaomi,Xiaomi Redmi Note 12,2024,37547,16,64,5000,60,50,A16 Bionic,0,4.2,2491,415444,4621,
Samsung,Samsung Galaxy Z Fold 3,2026,40253,4,512,5000,144,48,Snapdragon 8 Gen 2,1,3.98,8648,1129440,3329,
Xiaomi,Xiaomi Redmi Note 9,2024,41961,8,128,4500,90,200,Snapdragon 7 Gen 1,1,3.55,7149,1010516,4622,
Apple,iPhone 13 Pro Max,2020,45871,8,512,4000,60,200,Snapdragon 8 Gen 1,0,3.87,10122,1473773,2530,
Samsung,Samsung Galaxy A24,2024,36085,8,512,5000,60,50,Snapdragon 7 Gen 1,1,4.01,9923,1308915,4863,
Apple,iPhone 12 Pro,2025,54417,16,128,4500,144,108,A16 Bionic,1,3.73,9689,1055851,3665,
Samsung,Samsung Galaxy Z Fold 3,2024,42566,16,128,5500,90,64,Snapdragon 7 Gen 1,1,4.47,6299,961128,4094,
Apple,iPhone 15 Pro Max,2025,39169,4,128,4500,120,200,Snapdragon 7 Gen 1,1,4.06,9792,553747,4287,
Xiaomi,Xiaomi Redmi Note 11,2024,53427,6,512,4500,144,200,Dimensity 8200,1,3.96,8290,265975,1248,
Xiaomi,Xiaomi 13 Pro,2024,41397,8,256,4000,120,48,Dimensity 920,1,3.97,2356,1486844,2132,
Xiaomi,Xiaomi 10 Pro,2026,50084,6,1024,4500,60,108,Snapdragon 8 Gen 1,0,3.67,11764,924540,2876,
Xiaomi,Xiaomi 12 Pro,2026,31121,8,128,4500,120,50,Snapdragon 8 Gen 2,1,4.03,1339,292390,2215,
Samsung,Samsung Galaxy A14,2024,46391,16,64,4500,60,200,Snapdragon 8 Gen 1,0,4.63,3970,1471187,3095,
Xiaomi,Xiaomi Redmi Note 9,2022,49604,16,128,4500,120,108,Snapdragon 7 Gen 1,1,4.18,330,442387,2467,
Samsung,Samsung Galaxy S21,2023,31653,8,128,4500,90,50,Exynos 2200,1,3.61,7674,723463,4321,
Apple,iPhone 12,2023,47140,12,256,5500,120,108,Snapdragon 8 Gen 2,1,3.71,7668,898437,1104,
Apple,iPhone 11 Pro Max,2026,31067,6,64,5000,60,200,Snapdragon 8 Gen 1,0,4.09,4235,684860,4429,
Samsung,Samsung Galaxy A74,2021,61669,12,1024,5000,120,50,Dimensity 920,0,4.61,11728,741933,3145,
Apple,iPhone 15 Pro Max,2021,37732,8,512,5500,90,50,A16 Bionic,0,3.77,2223,1230004,2070,
Apple,iPhone 12 Pro,2024,48880,16,256,5000,90,48,Snapdragon 8 Gen 1,1,4.03,10768,1027426,4821,
Xiaomi,Xiaomi Redmi Note 12,2022,64248,16,1024,4000,60,108,A16 Bionic,1,4.09,3536,596718,3377,
Apple,iPhone 11,2021,45200,12,64,5000,120,200,Snapdragon 8 Gen 2,0,3.78,5682,1377879,4009,
Xiaomi,Xiaomi Redmi Note 13,2024,48134,16,256,4000,60,200,Dimensity 8200,1,4.42,9903,424771,3911,
Apple,iPhone 14 Pro,2024,41364,8,512,4500,120,50,Dimensity 8200,0,4.84,8419,1301050,4908,
Samsung,Samsung Galaxy Z Fold 4,2023,47573,6,512,4000,144,108,Dimensity 8200,1,4.16,6422,1043684,3183,
Xiaomi,Xiaomi 13 Pro,2021,30404,6,256,5500,90,64,Exynos 2200,1,4.01,10762,577948,3168,
Samsung,Samsung Galaxy S23,2021,37755,4,1024,4500,60,50,Snapdragon 8 Gen 1,1,4.83,3926,801005,4659,
Samsung,Samsung Galaxy S23,2025,60891,16,1024,4000,90,48,A16 Bionic,1,3.97,8950,425334,943,
Samsung,Samsung Galaxy A14,2021,41150,6,256,4000,144,108,Snapdragon 7 Gen 1,1,4.2,1166,1362944,2420,
Apple,iPhone 11 Pro Max,2025,42631,8,256,4500,144,50,A16 Bionic,0,4.88,7194,713897,2496,
Apple,iPhone 13,2022,55385,6,1024,4500,144,48,A16 Bionic,0,4.63,1655,1274384,3807,
Xiaomi,Xiaomi Redmi Note 9,2020,40879,8,128,5500,144,108,Dimensity 8200,0,4.27,5745,348066,4345,
Apple,iPhone 12 Pro Max,2026,49284,16,256,5500,90,50,Snapdragon 7 Gen 1,1,4.24,13296,1126463,1015,
Samsung,Samsung Galaxy Z Fold 4,2020,49445,16,64,5500,144,108,Snapdragon 8 Gen 2,0,4.69,13308,1275619,4252,
Apple,iPhone 12 Pro,2025,48786,12,64,4000,144,200,Exynos 2200,1,4.7,5879,1346081,2363,
Apple,iPhone 12 Pro,2022,56106,16,512,5500,120,64,Snapdragon 8 Gen 2,0,4.78,7415,1316721,3933,
Apple,iPhone 14 Pro,2023,40450,16,128,4500,60,50,Snapdragon 8 Gen 2,0,4.51,5089,1002057,4298,
Samsung,Samsung Galaxy S21,2024,29209,4,64,4500,120,64,Snapdragon 7 Gen 1,0,3.72,8174,450147,2720,
Apple,iPhone 15,2021,65254,12,1024,5000,120,200,Snapdragon 8 Gen 1,1,3.8,9148,1200370,3517,
Apple,iPhone 11,2023,56677,12,512,4500,90,200,Snapdragon 8 Gen 1,0,4.02,4809,1272555,2888,
Apple,iPhone 14 Pro Max,2020,35373,4,256,5500,90,108,Dimensity 920,1,4.66,898,1256297,4877,
Samsung,Samsung Galaxy A24,2023,50927,12,512,5500,144,64,Snapdragon 8 Gen 1,0,4.84,8876,588943,1353,
Xiaomi,Xiaomi Redmi Note 9,2020,41325,4,128,5500,144,200,Exynos 2200,1,4.56,9430,1022975,3270,
Samsung,Samsung Galaxy S20,2023,47398,12,256,5000,120,108,Exynos 2200,0,3.96,3701,369452,4810,
Apple,iPhone 14 Pro,2026,36543,4,512,5500,120,108,Dimensity 920,0,3.81,9177,837068,4770,
Xiaomi,Xiaomi 10 Pro,2021,41124,16,128,4500,60,64,Snapdragon 8 Gen 2,1,3.7,8447,1344037,1581,
Xiaomi,Xiaomi Redmi Note 13,2020,37977,8,256,5500,120,50,Snapdragon 8 Gen 2,1,3.64,8943,1190416,2033,
Apple,iPhone 12 Pro Max,2021,38528,6,64,4500,90,200,Dimensity 920,0,3.69,11151,1377727,2181,
Xiaomi,Xiaomi Redmi Note 13,2024,58132,16,256,4000,144,108,Dimensity 8200,0,4.75,6163,320019,4255,
Xiaomi,Xiaomi Redmi Note 9,2024,27615,6,128,4500,60,108,Dimensity 8200,0,3.97,11786,398288,4161,
Apple,iPhone 14,2021,54773,4,1024,4000,144,108,Snapdragon 7 Gen 1,1,3.93,8201,571656,1689,
Samsung,Samsung Galaxy Z Fold 3,2025,30450,4,512,4500,90,64,Snapdragon 7 Gen 1,0,4.15,8916,1293071,2234,
Apple,iPhone 13 Pro Max,2020,19350,4,64,4500,60,64,Exynos 2200,1,4.32,3088,1026508,3295,
Samsung,Samsung Galaxy S24,2023,49270,12,512,5500,120,108,Dimensity 920,1,3.6,9892,334694,4628,
Samsung,Samsung Galaxy A54,2022,48103,16,128,4500,144,64,A16 Bionic,0,3.94,9905,979412,1333,
Apple,iPhone 11 Pro,2022,58886,12,1024,4000,144,50,Dimensity 8200,0,4.13,7375,544913,3701,
Xiaomi,Xiaomi Redmi Note 10,2024,45800,12,64,4500,144,64,Snapdragon 8 Gen 2,1,4.81,348,1097773,2918,
Xiaomi,Xiaomi 12 Pro,2020,44164,12,64,5000,144,50,Dimensity 8200,1,4.41,11220,1386512,2071,
Samsung,Samsung Galaxy S21,2020,36836,12,64,4500,60,108,Dimensity 8200,1,4.57,12677,1224854,3052,
Xiaomi,Xiaomi Redmi Note 12,2026,31646,4,64,4500,120,48,Snapdragon 8 Gen 1,0,3.79,3151,438477,838,
Apple,iPhone 12 Pro Max,2024,41924,8,512,5500,144,48,A16 Bionic,0,3.94,12936,1099239,3121,
Xiaomi,Xiaomi Redmi Note 9,2025,42120,12,64,5000,144,50,Dimensity 8200,0,4.09,11225,596364,4708,
Samsung,Samsung Galaxy Z Fold 3,2024,36415,12,128,5500,60,48,Exynos 2200,0,4.4,2709,528892,3473,
Apple,iPhone 12,2023,40766,12,128,4000,144,64,Snapdragon 8 Gen 2,1,4.3,7462,521521,3102,
Xiaomi,Xiaomi 13 Pro,2023,63282,12,1024,5000,144,48,Snapdragon 8 Gen 1,1,3.74,7582,763033,3361,
Samsung,Samsung Galaxy S20,2025,39647,8,512,5000,120,64,Dimensity 8200,0,4.77,8063,473483,1710,
Apple,iPhone 13,2022,42655,8,256,5500,144,64,Dimensity 920,0,4.81,9792,735498,3576,
Xiaomi,Xiaomi Redmi Note 9,2025,44031,6,1024,4000,90,64,Snapdragon 7 Gen 1,0,4.1,9224,411272,3207,
Apple,iPhone 12,2026,55796,12,512,5000,120,200,Snapdragon 8 Gen 2,1,4.59,5215,554446,3462,
Samsung,Samsung Galaxy S22,2025,39935,8,256,5000,120,50,Exynos 2200,1,4.11,7266,415763,1123,
Samsung,Samsung Galaxy A24,2025,58709,16,1024,5000,60,50,Snapdragon 8 Gen 2,1,4.78,14172,1038483,3398,
Apple,iPhone 11,2026,32488,6,512,4500,60,64,Snapdragon 8 Gen 1,1,4.42,12071,1444826,4890,
Xiaomi,Xiaomi Redmi Note 12,2026,49868,6,1024,5000,144,50,A16 Bionic,1,4.71,8213,632239,1253,
Xiaomi,Xiaomi 12 Pro,2022,45177,8,512,4500,120,48,A16 Bionic,1,4.68,6094,1096399,1940,
Apple,iPhone 13 Pro Max,2024,52163,6,1024,4000,120,48,Dimensity 8200,1,4.03,8356,932450,1692,
Xiaomi,Xiaomi 13 Pro,2022,45610,6,1024,4500,90,48,Snapdragon 8 Gen 1,1,4.38,9107,803126,973,
Apple,iPhone 12,2021,35481,4,128,4000,144,64,Dimensity 8200,1,4.85,2406,1298531,1642,
Xiaomi,Xiaomi Redmi Note 11,2021,42397,6,256,5000,90,200,Snapdragon 7 Gen 1,1,3.57,8785,1063878,3670,
Xiaomi,Xiaomi Redmi Note 9,2020,41215,8,256,4000,60,200,Exynos 2200,1,4.43,4653,587890,3799,
Xiaomi,Xiaomi 10 Pro,2021,26838,6,256,5500,60,64,Dimensity 8200,1,3.64,10010,581165,1757,
Apple,iPhone 13,2022,28003,4,256,4000,90,64,Snapdragon 8 Gen 2,1,3.79,10832,421782,2643,
Samsung,Samsung Galaxy Z Fold 5,2021,48141,12,128,4000,144,200,Snapdragon 7 Gen 1,1,3.51,8322,534967,2232,
Samsung,Samsung Galaxy A14,2021,50014,16,64,4000,90,200,Snapdragon 7 Gen 1,0,4.05,10295,261707,1331,
Xiaomi,Xiaomi 12 Pro,2025,23215,4,128,4500,60,108,Dimensity 920,0,3.86,12670,902520,1732,
Apple,iPhone 15 Pro Max,2022,46803,4,1024,5500,60,200,Snapdragon 8 Gen 1,0,4.06,5362,1199011,1802,
Xiaomi,Xiaomi 12 Pro,2025,31175,6,64,4500,144,50,Snapdragon 7 Gen 1,0,3.86,11909,759652,4933,
Xiaomi,Xiaomi 13 Pro,2024,53764,8,1024,4500,144,64,Snapdragon 8 Gen 1,1,3.94,2334,304094,4906,
Apple,iPhone 11 Pro,2021,29360,6,64,4500,120,48,A16 Bionic,1,3.5,14637,348549,3944,
Apple,iPhone 15 Pro Max,2021,26635,4,256,5500,60,48,A16 Bionic,0,4.41,11570,841243,4986,
Xiaomi,Xiaomi Redmi Note 11,2023,27302,4,256,4500,60,48,A16 Bionic,1,4.8,216,457160,1576,
Xiaomi,Xiaomi Redmi Note 11,2026,24945,6,64,5000,90,64,Exynos 2200,0,3.76,6407,1224479,3675,
Apple,iPhone 13 Pro,2021,65997,16,512,4000,144,200,Exynos 2200,0,3.61,8499,584849,4008,
Samsung,Samsung Galaxy A24,2023,42222,8,512,4000,90,108,Snapdragon 8 Gen 1,1,4.21,2522,839201,2219,
Apple,iPhone 15 Pro,2021,34676,8,128,4500,144,50,A16 Bionic,0,4.11,735,1039508,3886,
Samsung,Samsung Galaxy S24,2024,57126,12,1024,5000,60,200,Snapdragon 8 Gen 1,0,4.28,5636,1171922,3330,
Apple,iPhone 15,2026,52495,12,512,5000,120,200,Dimensity 8200,1,3.97,1750,813321,3485,
Samsung,Samsung Galaxy A14,2020,24754,6,64,5500,90,50,Dimensity 920,0,4.7,11495,1490364,2833,
Apple,iPhone 13 Pro Max,2023,49046,8,512,4500,144,200,Dimensity 920,0,4.38,2586,1402312,1121,
Samsung,Samsung Galaxy Z Fold 4,2024,28096,6,64,4000,90,108,Snapdragon 8 Gen 1,1,4.16,8288,790743,4066,
Apple,iPhone 11 Pro Max,2024,29015,6,64,5500,120,64,Snapdragon 8 Gen 2,0,4.18,3526,1294808,1655,
Apple,iPhone 13,2020,57746,16,512,4000,120,50,Dimensity 8200,1,4.59,14162,1121980,2080,
Apple,iPhone 11 Pro,2020,30115,8,128,5500,90,64,Snapdragon 7 Gen 1,1,3.58,12151,1261243,2253,
Xiaomi,Xiaomi Redmi Note 11,2023,58580,8,1024,5000,120,200,Snapdragon 7 Gen 1,0,3.74,6940,1293438,4571,
Xiaomi,Xiaomi Redmi Note 11,2020,50994,16,256,4500,60,200,Exynos 2200,0,3.51,6409,684532,3495,
Xiaomi,Xiaomi 10 Pro,2020,35267,6,512,5500,60,64,Snapdragon 8 Gen 2,1,4.75,868,1072036,4859,
Apple,iPhone 13 Pro Max,2026,65666,16,1024,4000,120,48,Snapdragon 7 Gen 1,0,4.55,14530,1216289,1465,
Xiaomi,Xiaomi Redmi Note 12,2022,34836,4,128,4500,144,50,Snapdragon 7 Gen 1,1,4.63,9916,691820,1924,
Xiaomi,Xiaomi Redmi Note 9,2020,31211,8,128,4000,60,108,A16 Bionic,0,4.4,14011,900827,4715,
Xiaomi,Xiaomi Redmi Note 10,2022,34735,12,128,4500,60,108,A16 Bionic,1,4.75,11055,395248,3084,
Samsung,Samsung Galaxy S20,2021,47456,12,512,4500,60,200,Snapdragon 8 Gen 1,1,4.46,3006,1443512,3590,
Apple,iPhone 14 Pro Max,2022,56348,12,1024,5500,90,50,Dimensity 8200,1,3.77,9951,1129763,4129,
Samsung,Samsung Galaxy A24,2022,49425,12,512,4000,90,108,Snapdragon 8 Gen 2,0,4.09,7535,926380,3118,
Apple,iPhone 12,2021,56564,6,1024,4500,144,200,A16 Bionic,1,4.39,7583,1307991,1265,
Apple,iPhone 13 Pro,2022,31016,8,64,4000,60,48,A16 Bionic,1,4.46,5568,568105,2225,
Xiaomi,Xiaomi Redmi Note 11,2022,33476,4,512,5000,60,108,Dimensity 8200,0,3.51,11359,427845,4781,
Samsung,Samsung Galaxy Z Fold 3,2024,46360,16,64,4000,120,48,Dimensity 920,0,4.68,2492,383591,4557,
Apple,iPhone 14 Pro Max,2024,53830,12,512,4500,60,200,Exynos 2200,1,4.03,6381,987955,1210,
Samsung,Samsung Galaxy Z Fold 4,2026,60382,16,256,4000,144,200,Snapdragon 8 Gen 1,0,4.17,9582,516035,4521,
Samsung,Samsung Galaxy S22,2022,30059,6,128,4500,120,64,Snapdragon 8 Gen 2,1,4.57,9949,1432700,4369,
Xiaomi,Xiaomi 11 Pro,2026,32495,4,256,4500,90,64,Snapdragon 8 Gen 2,0,4.19,3175,1200672,2850,
Xiaomi,Xiaomi 13 Pro,2025,36627,8,128,4500,90,64,Snapdragon 8 Gen 2,0,4.57,10272,461628,3385,
Samsung,Samsung Galaxy S22,2021,46369,16,64,5000,90,50,Dimensity 8200,1,4.48,3340,1041200,4917,
Xiaomi,Xiaomi Redmi Note 12,2021,70737,16,1024,4000,120,108,Dimensity 920,0,4.43,5163,309245,4045,
Xiaomi,Xiaomi 13 Pro,2024,37807,4,512,5000,144,64,Snapdragon 7 Gen 1,0,4,11997,475338,2927,
Samsung,Samsung Galaxy S23,2022,51015,8,1024,4500,60,64,Snapdragon 8 Gen 2,1,3.56,11278,1249009,4624,
Xiaomi,Xiaomi 11 Pro,2022,41990,4,1024,5000,60,64,Snapdragon 8 Gen 1,0,4.09,10025,838685,3936,
Apple,iPhone 14 Pro Max,2023,69712,12,1024,4500,144,200,Snapdragon 8 Gen 1,0,4.64,13278,637040,2925,
Xiaomi,Xiaomi Redmi Note 13,2022,50956,16,512,5000,60,48,Exynos 2200,0,4.8,8822,923985,1872,
Samsung,Samsung Galaxy S23,2022,34108,6,256,4000,120,48,Snapdragon 8 Gen 2,1,4.62,6331,1045901,1886,
Apple,iPhone 11 Pro,2025,37130,12,256,4500,60,108,Snapdragon 8 Gen 2,0,3.67,12000,568648,3910,
Samsung,Samsung Galaxy S20,2023,65142,12,1024,5000,144,64,Snapdragon 8 Gen 2,0,4.75,13830,801871,3825,
Xiaomi,Xiaomi 12 Pro,2021,52312,16,256,4500,90,108,A16 Bionic,1,4.43,3316,1427606,1646,
Apple,iPhone 13,2025,31238,8,128,4000,60,108,Dimensity 920,1,4.28,5654,576181,1394,
Samsung,Samsung Galaxy S23,2024,30225,4,128,4500,144,48,Dimensity 8200,0,3.85,3709,934437,3743,
Xiaomi,Xiaomi Redmi Note 9,2026,33639,8,64,4000,90,64,Dimensity 920,1,4.83,1854,1048895,4692,
Samsung,Samsung Galaxy Z Fold 4,2021,56174,8,512,4000,144,200,Snapdragon 8 Gen 2,1,3.94,13520,1373753,2765,
Apple,iPhone 12 Pro Max,2023,38966,6,256,5000,144,64,Snapdragon 8 Gen 2,1,3.97,9087,1034738,3651,
Xiaomi,Xiaomi Redmi Note 11,2022,26047,6,128,5000,60,108,Snapdragon 8 Gen 2,1,4.75,11569,1035714,1140,
Samsung,Samsung Galaxy S22,2022,51609,16,512,4000,60,64,A16 Bionic,1,4.43,9062,1034206,905,
Apple,iPhone 14 Pro Max,2020,40679,6,256,4500,120,108,A16 Bionic,1,4.37,11339,285340,3836,
Apple,iPhone 14,2023,36765,4,256,4000,144,108,Snapdragon 7 Gen 1,0,4.75,12309,468768,2942,
Xiaomi,Xiaomi 11 Pro,2021,24653,4,64,5500,90,108,Snapdragon 8 Gen 2,1,4.7,14733,497994,2384,
Apple,iPhone 13,2026,49883,6,1024,5000,120,108,Dimensity 920,1,4.56,7315,434506,3971,
Xiaomi,Xiaomi Redmi Note 13,2022,27744,4,128,4000,120,50,Snapdragon 8 Gen 1,1,3.99,11435,542346,817,
Xiaomi,Xiaomi 10 Pro,2021,22333,4,128,5000,60,108,Dimensity 920,1,3.88,4796,913750,1133,
Apple,iPhone 11,2021,45030,12,512,5000,60,64,Dimensity 920,0,3.56,6405,1410216,3501,
Samsung,Samsung Galaxy S20,2026,36016,6,256,4000,120,50,Dimensity 8200,1,4.52,111,1287320,1528,
Xiaomi,Xiaomi Redmi Note 12,2021,33527,4,64,5500,144,108,Snapdragon 7 Gen 1,0,4.22,6780,1380747,2443,
Apple,iPhone 15 Pro,2022,49411,16,256,5500,120,64,A16 Bionic,0,4.17,12897,619294,1994,
Apple,iPhone 12 Pro Max,2025,44923,16,128,4000,90,108,Exynos 2200,0,3.62,11340,1404981,1623,
Xiaomi,Xiaomi 10 Pro,2025,44170,8,512,5500,144,50,Snapdragon 7 Gen 1,1,4.38,6700,483332,1123,
Samsung,Samsung Galaxy S21,2024,52614,16,128,5500,120,200,Snapdragon 7 Gen 1,1,4.88,4437,1093402,1687,
Samsung,Samsung Galaxy A54,2021,58075,16,512,4000,120,48,Dimensity 8200,1,3.83,4972,1100544,2985,
Samsung,Samsung Galaxy S20,2021,38762,6,64,5000,120,200,Snapdragon 8 Gen 1,0,4.82,14683,443022,1438,
Xiaomi,Xiaomi Redmi Note 9,2022,47287,12,256,4000,90,108,Snapdragon 7 Gen 1,0,3.67,10349,1401183,3657,
Samsung,Samsung Galaxy Z Fold 5,2024,36678,12,128,5000,60,50,Dimensity 920,0,3.99,13319,808347,2657,
Samsung,Samsung Galaxy S24,2024,51009,8,256,4000,144,200,Snapdragon 8 Gen 2,0,4.77,13513,1113996,1200,
Apple,iPhone 11 Pro Max,2024,40758,4,512,5000,90,200,Dimensity 8200,0,3.6,11350,890369,2302,
Apple,iPhone 14,2021,41169,12,256,5500,60,50,Dimensity 8200,0,3.61,735,1467396,4749,
Samsung,Samsung Galaxy Z Fold 4,2021,55865,16,1024,4000,60,48,Snapdragon 8 Gen 2,1,3.79,3781,415011,2897,
Samsung,Samsung Galaxy S24,2024,22799,4,64,4500,60,64,Snapdragon 8 Gen 1,1,3.68,14105,816142,4650,
Xiaomi,Xiaomi Redmi Note 10,2020,47801,16,128,4500,90,64,Snapdragon 7 Gen 1,1,4.78,5734,1005038,2119,
Apple,iPhone 15 Pro Max,2026,40364,8,64,5000,120,108,Snapdragon 7 Gen 1,0,3.72,10546,353259,4817,
Xiaomi,Xiaomi 11 Pro,2023,29538,4,64,4000,144,48,Exynos 2200,1,4.45,5905,1035353,4363,
Samsung,Samsung Galaxy Z Fold 4,2020,34492,8,128,5000,120,64,Dimensity 8200,1,4.5,8306,451531,3418,
Samsung,Samsung Galaxy S20,2025,43747,12,256,5500,120,108,Dimensity 920,1,4.7,3140,800438,2573,
Samsung,Samsung Galaxy Z Fold 5,2025,43356,16,128,4000,60,50,Exynos 2200,1,3.9,10363,1168337,4233,
Xiaomi,Xiaomi 13 Pro,2022,53876,12,512,4000,144,108,Snapdragon 8 Gen 1,0,4.14,14192,327961,1332,
Xiaomi,Xiaomi Redmi Note 12,2021,57443,16,256,4500,120,200,Exynos 2200,1,4.07,13677,944509,802,
Xiaomi,Xiaomi 11 Pro,2025,27393,4,256,4500,90,48,Dimensity 920,1,3.88,13146,623544,1361,
Xiaomi,Xiaomi 11 Pro,2025,56765,8,1024,4000,144,64,Snapdragon 8 Gen 1,0,4.54,13039,1186388,1110,
Samsung,Samsung Galaxy A54,2022,47468,6,512,4500,90,200,Snapdragon 8 Gen 2,1,4.29,11972,719378,4891,
Xiaomi,Xiaomi 10 Pro,2025,39195,8,64,4500,90,200,Exynos 2200,1,4.16,2727,1000672,1438,
Samsung,Samsung Galaxy Z Fold 3,2024,30245,6,64,4500,144,48,Snapdragon 8 Gen 1,1,4.75,2446,718020,4928,
Xiaomi,Xiaomi 10 Pro,2026,54007,16,512,5000,90,50,A16 Bionic,1,3.87,571,349132,2929,
Xiaomi,Xiaomi Redmi Note 13,2023,52338,8,1024,5500,90,48,Snapdragon 8 Gen 1,0,4.6,7487,628902,1248,
Apple,iPhone 11 Pro,2025,52852,16,64,5000,144,108,Snapdragon 7 Gen 1,1,3.76,3045,406919,2127,
Apple,iPhone 12 Pro,2022,45241,8,64,5500,144,200,A16 Bionic,0,4.64,13421,1043699,4257,
Xiaomi,Xiaomi 11 Pro,2024,30197,4,256,5500,144,50,Dimensity 920,0,4.42,5452,1198675,3469,
Samsung,Samsung Galaxy A24,2020,44909,12,512,5500,120,48,Dimensity 8200,0,4.15,7819,1215615,2774,
Apple,iPhone 14,2024,42445,16,64,5000,120,50,Snapdragon 8 Gen 2,1,4.14,656,921071,4973,
Samsung,Samsung Galaxy S21,2020,33655,4,512,4500,90,108,Dimensity 8200,1,3.64,175,1064136,849,
Xiaomi,Xiaomi Redmi Note 9,2026,29523,6,64,5500,120,50,Snapdragon 8 Gen 1,0,4.08,10896,905003,1034,
Samsung,Samsung Galaxy S22,2020,50440,16,128,5500,60,200,Exynos 2200,0,3.66,8669,749932,4077,
Xiaomi,Xiaomi 11 Pro,2024,35761,8,256,5500,90,108,Snapdragon 8 Gen 1,0,3.65,13346,864761,4103,
Apple,iPhone 12 Pro,2025,43257,16,256,5000,90,50,Dimensity 920,1,4.38,14063,767214,4485,
Samsung,Samsung Galaxy A34,2023,53260,16,512,4000,120,64,Snapdragon 8 Gen 2,1,3.7,3843,1262043,1709,
Xiaomi,Xiaomi 10 Pro,2022,34391,6,128,4000,120,50,Dimensity 8200,0,4.11,135,1426283,872,
Apple,iPhone 13 Pro,2025,37591,4,512,4500,90,64,Snapdragon 8 Gen 2,1,4.16,2797,965810,2989,
Apple,iPhone 13,2021,40572,16,128,4500,90,48,Snapdragon 7 Gen 1,0,4.02,5735,751406,4596,
Apple,iPhone 15 Pro Max,2026,26165,6,256,4000,60,50,Snapdragon 8 Gen 2,1,4.75,9431,323895,3862,
Apple,iPhone 14,2024,32773,8,128,5000,60,200,Snapdragon 7 Gen 1,1,4.26,2422,740814,2676,
Xiaomi,Xiaomi 12 Pro,2025,74568,16,1024,5000,120,200,Dimensity 8200,0,4.69,9993,1005177,1761,
Apple,iPhone 13,2025,35964,6,512,5000,60,108,Dimensity 8200,0,3.75,1564,687860,4694,
Xiaomi,Xiaomi 12 Pro,2022,38299,8,64,4000,144,48,Snapdragon 8 Gen 2,0,3.94,14009,763000,2956,
Xiaomi,Xiaomi Redmi Note 13,2022,37769,12,128,5000,90,50,Exynos 2200,0,3.59,6577,737750,2076,
Apple,iPhone 14 Pro,2026,58022,16,512,4000,144,50,Dimensity 920,0,4.44,7016,517410,2297,
Apple,iPhone 14 Pro Max,2022,34693,4,512,4500,60,50,Dimensity 8200,0,4.33,7928,1450731,1764,
Apple,iPhone 14 Pro,2022,44197,8,512,4500,144,108,Snapdragon 7 Gen 1,0,3.63,4782,1063328,4518,
Apple,iPhone 11,2020,40487,6,128,5000,144,108,Exynos 2200,1,4.29,1281,383086,1198,
Xiaomi,Xiaomi 11 Pro,2020,37826,6,256,5500,120,50,A16 Bionic,1,3.64,14666,1232700,1547,
Apple,iPhone 14 Pro,2025,36480,12,64,5000,60,50,Dimensity 920,0,3.67,6190,799088,4731,
Xiaomi,Xiaomi Redmi Note 13,2023,41345,12,256,5000,120,64,Snapdragon 8 Gen 1,0,3.57,7603,1467663,4762,
Apple,iPhone 13 Pro Max,2025,66889,16,1024,5500,120,108,Snapdragon 8 Gen 2,0,3.56,3883,685986,4020,
Samsung,Samsung Galaxy A14,2020,45380,6,1024,5500,60,48,Exynos 2200,0,3.57,3225,1449958,4407,
Samsung,Samsung Galaxy S21,2020,55757,12,1024,5000,90,50,Dimensity 8200,0,4.13,12071,991428,3217,
Samsung,Samsung Galaxy S22,2023,35300,8,64,5000,90,200,A16 Bionic,0,4.47,11849,369950,3610,
Xiaomi,Xiaomi 12 Pro,2020,39727,8,64,4000,144,64,Exynos 2200,0,4.51,9619,872618,2522,
Apple,iPhone 13,2022,38105,6,64,4500,90,200,Snapdragon 8 Gen 1,0,3.61,4094,484114,3379,
Xiaomi,Xiaomi Redmi Note 9,2020,36426,8,256,5000,90,48,Snapdragon 8 Gen 2,1,4.03,12908,1401146,3402,
Apple,iPhone 15,2024,32742,4,64,4500,144,50,Dimensity 8200,0,4.5,2426,727168,1060,
Xiaomi,Xiaomi Redmi Note 13,2020,35426,8,64,5500,144,48,Dimensity 8200,0,4.3,14131,1465655,1927,
Xiaomi,Xiaomi 11 Pro,2025,34204,8,128,4000,144,64,Snapdragon 8 Gen 1,0,3.6,10586,950758,1303,
Apple,iPhone 11,2024,37653,8,128,4000,120,108,Snapdragon 8 Gen 1,0,3.53,1298,285533,1236,
Xiaomi,Xiaomi Redmi Note 13,2022,40422,8,512,4500,120,50,Snapdragon 8 Gen 1,0,4.29,12677,570921,2903,
Samsung,Samsung Galaxy Z Fold 5,2026,40677,12,64,4000,120,48,Snapdragon 8 Gen 1,1,3.66,13729,492089,4154,
Xiaomi,Xiaomi 11 Pro,2023,36548,6,512,4500,90,48,Snapdragon 8 Gen 1,1,4.02,5400,874986,1746,
Apple,iPhone 11,2026,53386,16,256,4500,120,108,Snapdragon 8 Gen 1,1,3.79,11466,765234,2390,
Samsung,Samsung Galaxy S22,2021,31177,8,128,4500,60,64,Dimensity 8200,1,4,499,911981,2090,
Apple,iPhone 13 Pro Max,2021,51291,8,512,4000,144,200,Dimensity 8200,1,3.86,1886,755905,2183,
Xiaomi,Xiaomi Redmi Note 12,2023,41804,6,256,4500,90,200,Snapdragon 8 Gen 2,0,3.83,8893,931062,2632,
Samsung,Samsung Galaxy Z Fold 4,2025,34514,12,64,4000,60,108,A16 Bionic,0,3.9,13845,598416,3224,
Xiaomi,Xiaomi Redmi Note 9,2026,28020,4,128,4000,120,64,Snapdragon 7 Gen 1,0,4.79,8379,490538,3932,
Xiaomi,Xiaomi Redmi Note 10,2024,50875,8,1024,5000,60,50,Exynos 2200,1,4.06,2833,1329521,2306,
Samsung,Samsung Galaxy Z Fold 4,2022,46508,16,256,5500,90,64,Dimensity 8200,1,4.73,11260,568642,1384,
Xiaomi,Xiaomi 12 Pro,2020,48080,6,1024,5500,60,64,Snapdragon 7 Gen 1,0,4.21,8096,340520,3354,
Apple,iPhone 13,2022,43165,16,128,5000,60,48,Snapdragon 8 Gen 1,1,4.85,3119,699266,3580,
Samsung,Samsung Galaxy S23,2020,57918,16,1024,4500,60,50,A16 Bionic,0,4.41,4351,539570,1119,
Samsung,Samsung Galaxy Z Fold 4,2021,30496,6,256,4000,60,50,Dimensity 8200,0,3.68,2230,848950,1065,
Xiaomi,Xiaomi Redmi Note 11,2024,54930,8,1024,5500,90,200,Snapdragon 8 Gen 2,0,4.22,4661,404845,3096,
Apple,iPhone 11,2025,43011,6,1024,5500,90,50,Dimensity 920,1,3.82,6294,845698,3360,
Apple,iPhone 14,2023,21882,6,64,4000,60,48,A16 Bionic,0,3.83,8250,1089907,1768,
Samsung,Samsung Galaxy S20,2024,63722,16,1024,5500,90,48,Snapdragon 7 Gen 1,1,3.89,1237,320625,4265,
Samsung,Samsung Galaxy S22,2023,46698,12,512,4000,90,50,Exynos 2200,0,3.96,13382,336315,3345,
Samsung,Samsung Galaxy Z Fold 5,2023,36229,6,256,4500,144,64,Exynos 2200,1,4.84,6226,726440,4087,
Xiaomi,Xiaomi 11 Pro,2025,33307,6,512,5500,90,50,Dimensity 8200,0,4.48,2059,1277077,3001,
Samsung,Samsung Galaxy S21,2024,61502,8,1024,4000,144,108,Snapdragon 7 Gen 1,1,4.26,178,1439588,1747,
Apple,iPhone 14 Pro,2024,43075,8,512,4500,120,48,Snapdragon 7 Gen 1,1,3.92,8816,1062816,4555,
Samsung,Samsung Galaxy A54,2022,46721,12,256,5000,120,50,Exynos 2200,1,4.19,3860,892401,4467,
Apple,iPhone 11 Pro Max,2022,47961,8,512,5000,144,50,Dimensity 8200,0,4.69,11565,824170,4099,
Apple,iPhone 13,2023,44197,4,1024,4000,120,50,Exynos 2200,0,4.57,3149,1067602,1108,
Xiaomi,Xiaomi Redmi Note 12,2024,31624,4,64,4500,90,200,Exynos 2200,1,4.09,11553,1142979,2837,
Xiaomi,Xiaomi Redmi Note 11,2026,35854,4,256,5000,144,108,Dimensity 920,0,4.09,13754,1132032,4304,
Xiaomi,Xiaomi 10 Pro,2023,38385,12,64,5000,120,50,Dimensity 8200,1,3.7,6196,772420,4345,
Xiaomi,Xiaomi Redmi Note 12,2020,46809,16,64,5500,60,200,Exynos 2200,1,4.08,9266,370704,3954,
Xiaomi,Xiaomi Redmi Note 9,2023,49648,16,64,5000,144,50,Snapdragon 8 Gen 1,1,3.92,14160,1211218,3266,
Apple,iPhone 13 Pro Max,2020,38451,6,256,5000,120,200,Exynos 2200,1,4.29,5267,667424,802,
Samsung,Samsung Galaxy A24,2025,36350,4,512,4000,90,48,Snapdragon 8 Gen 1,0,4.52,4906,1240049,1193,
Samsung,Samsung Galaxy A74,2020,49933,8,512,5000,90,200,Snapdragon 8 Gen 1,1,4.1,2229,327124,1167,
Xiaomi,Xiaomi Redmi Note 13,2025,37887,6,128,4000,120,108,Dimensity 8200,1,3.93,6697,279637,3953,
Xiaomi,Xiaomi 13 Pro,2021,42429,12,256,4500,120,64,Snapdragon 8 Gen 2,1,3.62,14845,439604,4339,
Xiaomi,Xiaomi Redmi Note 9,2020,28971,4,128,4500,144,64,Exynos 2200,1,3.52,5018,957612,828,
Apple,iPhone 13,2026,39397,8,64,4500,144,48,Exynos 2200,1,4.5,11374,966116,2788,
Apple,iPhone 11,2021,50346,12,512,5000,144,48,Snapdragon 7 Gen 1,0,4.41,2826,1052406,1404,
Apple,iPhone 15,2022,35243,6,64,4500,90,200,Snapdragon 8 Gen 1,0,3.85,14708,322720,1064,
Apple,iPhone 14 Pro,2021,38756,8,128,5000,144,64,Dimensity 8200,0,4.33,8071,327231,4362,
Xiaomi,Xiaomi Redmi Note 13,2022,43283,6,512,4000,144,64,Dimensity 920,0,4.8,9410,826449,2691,
Samsung,Samsung Galaxy A74,2020,44658,12,64,5000,144,108,Dimensity 920,1,4.53,7984,1376290,2353,
Apple,iPhone 11 Pro Max,2025,32632,4,64,4500,144,48,Dimensity 8200,0,4.33,14838,409707,2860,
Samsung,Samsung Galaxy Z Fold 4,2025,43742,12,128,4000,90,108,Exynos 2200,1,3.62,556,1290607,4784,
Samsung,Samsung Galaxy Z Fold 5,2024,39139,8,512,5000,90,48,A16 Bionic,1,4.57,12474,1149565,1474,
Apple,iPhone 13 Pro,2022,38525,4,1024,4500,60,48,Exynos 2200,1,3.51,8460,866682,4088,
Xiaomi,Xiaomi Redmi Note 9,2022,43424,6,512,4500,90,200,Exynos 2200,0,4.41,13163,756588,4808,
Samsung,Samsung Galaxy S23,2025,34701,12,64,4500,90,50,Snapdragon 7 Gen 1,1,4.06,14567,1436214,3226,
Apple,iPhone 14 Pro Max,2024,32108,12,128,4500,60,64,Dimensity 920,0,4.59,11432,1343753,1856,
Xiaomi,Xiaomi 11 Pro,2020,37193,6,128,5000,144,108,A16 Bionic,0,3.94,7712,1372152,959,
Xiaomi,Xiaomi Redmi Note 10,2026,44920,4,1024,5000,90,50,Dimensity 920,0,4.05,3800,1067816,1824,
Apple,iPhone 13 Pro,2026,52590,12,512,4000,144,50,Snapdragon 8 Gen 1,1,4.61,13490,616117,1593,
Apple,iPhone 13 Pro Max,2022,43043,4,1024,5500,60,64,Snapdragon 7 Gen 1,0,4.43,12893,324374,924,
Samsung,Samsung Galaxy Z Fold 4,2022,48882,16,128,5500,60,200,Snapdragon 8 Gen 2,0,4.47,10897,664049,2509,
Xiaomi,Xiaomi Redmi Note 10,2023,36667,8,64,5500,144,48,Dimensity 8200,0,4.22,3505,1471126,3020,
Xiaomi,Xiaomi Redmi Note 11,2022,40470,8,512,4500,120,64,Snapdragon 7 Gen 1,0,3.96,10655,1214259,2973,
Samsung,Samsung Galaxy A54,2025,44876,8,512,4500,120,64,Exynos 2200,1,3.77,8755,460701,2131,
Xiaomi,Xiaomi 12 Pro,2026,42578,12,128,5000,120,50,A16 Bionic,1,4.05,2083,1143562,3510,
Samsung,Samsung Galaxy S24,2025,23149,4,128,5500,60,64,Dimensity 8200,1,4.02,6787,545105,1044,
Samsung,Samsung Galaxy S21,2021,42289,8,256,5500,120,200,Exynos 2200,0,4.07,13976,903894,4148,
Samsung,Samsung Galaxy Z Fold 4,2022,27101,4,128,5000,60,108,Snapdragon 7 Gen 1,0,3.7,3469,1006624,2528,
Xiaomi,Xiaomi Redmi Note 11,2025,61419,8,1024,4500,120,200,Dimensity 8200,1,4.24,1829,878135,4495,
Apple,iPhone 14,2022,36297,6,128,4500,90,200,Snapdragon 7 Gen 1,1,3.68,9048,1499364,4319,
Apple,iPhone 12 Pro,2026,39230,6,256,4500,144,108,Snapdragon 7 Gen 1,0,4.13,11423,1009635,4625,
Apple,iPhone 13 Pro,2022,55350,8,1024,5500,120,48,Snapdragon 7 Gen 1,0,4.66,12181,1445465,1637,
Xiaomi,Xiaomi 13 Pro,2020,36223,4,512,4000,90,64,Snapdragon 8 Gen 2,0,4.8,14809,861335,2496,
Xiaomi,Xiaomi Redmi Note 11,2021,29674,4,512,4500,90,48,Exynos 2200,1,3.55,14017,1070169,4665,
Xiaomi,Xiaomi 11 Pro,2023,54674,8,1024,5000,144,108,A16 Bionic,1,4.2,9420,1445191,2092,
Apple,iPhone 11,2024,60741,16,1024,4500,90,50,Dimensity 8200,1,4.68,12514,1498354,2278,
Apple,iPhone 14,2021,42960,16,64,5500,90,108,Dimensity 8200,1,4.57,1129,519123,2806,
Samsung,Samsung Galaxy A24,2024,30736,4,512,4500,60,64,Exynos 2200,0,3.59,4629,720037,1546,
Samsung,Samsung Galaxy S23,2024,33075,6,128,5500,120,48,A16 Bionic,0,3.73,3145,1435942,1880,
Apple,iPhone 15 Pro Max,2024,42330,12,128,4500,144,48,Dimensity 920,1,4.82,3711,287076,4872,
Samsung,Samsung Galaxy A74,2020,47337,12,64,4000,120,200,Snapdragon 8 Gen 1,1,3.75,4606,1299035,4089,
Apple,iPhone 15,2020,30081,4,256,4000,144,48,Snapdragon 8 Gen 2,0,4.42,7120,548253,3784,
Samsung,Samsung Galaxy A24,2022,49030,12,256,4500,120,108,A16 Bionic,1,4.26,13648,418927,4229,
Apple,iPhone 12 Pro,2023,46003,8,512,5500,144,108,Snapdragon 7 Gen 1,1,3.9,8961,1386326,4961,
Apple,iPhone 15 Pro,2020,37966,12,128,5500,60,50,Snapdragon 8 Gen 1,0,4.29,1221,1190425,2504,
Apple,iPhone 12 Pro Max,2024,45470,16,128,4500,60,64,Dimensity 920,0,3.78,3850,1180258,1653,
Apple,iPhone 13 Pro Max,2022,30797,6,128,4500,144,48,Snapdragon 8 Gen 2,1,4.02,1323,454279,4598,
Apple,iPhone 15 Pro Max,2023,26989,4,256,5500,60,50,Dimensity 8200,1,3.62,7052,1421941,2421,
Samsung,Samsung Galaxy S20,2025,58198,12,1024,5000,60,200,Snapdragon 8 Gen 1,0,3.69,771,482009,4287,
Apple,iPhone 14 Pro,2023,55313,16,256,5500,144,50,Snapdragon 7 Gen 1,0,4.12,9030,1354310,3451,
Apple,iPhone 12 Pro Max,2020,30945,4,512,4000,90,50,Dimensity 8200,1,4.6,5634,385036,966,
Xiaomi,Xiaomi Redmi Note 11,2022,54443,16,256,5500,144,64,Snapdragon 8 Gen 2,0,3.8,5992,414948,2192,
Xiaomi,Xiaomi Redmi Note 11,2020,38769,12,64,5000,120,64,Snapdragon 7 Gen 1,0,4.2,4386,1283015,1019,
Samsung,Samsung Galaxy A14,2023,35235,4,512,5000,90,64,Snapdragon 7 Gen 1,0,4.59,3623,816763,2370,
Apple,iPhone 15 Pro,2022,39324,12,512,4000,60,50,Exynos 2200,0,3.74,14089,638463,1458,
Xiaomi,Xiaomi Redmi Note 10,2023,32086,4,128,5000,120,48,Dimensity 8200,1,4,2062,1409484,3619,
Apple,iPhone 11 Pro,2024,43701,6,512,5500,144,48,Dimensity 8200,1,4.41,13884,368970,3045,
Xiaomi,Xiaomi Redmi Note 12,2026,44622,12,512,5500,60,48,A16 Bionic,1,3.89,3601,1220305,3010,
Samsung,Samsung Galaxy S21,2024,47412,16,512,5500,60,64,Exynos 2200,1,3.79,1711,1229435,1224,
Samsung,Samsung Galaxy Z Fold 3,2022,38419,8,512,5500,60,108,Snapdragon 8 Gen 2,1,3.63,4553,1487364,3815,
Samsung,Samsung Galaxy A54,2022,41477,6,512,5500,120,64,Snapdragon 8 Gen 2,1,3.56,1268,329565,4796,

